"Data","Último","Abertura","Máxima","Mínima","Var%"
"31.12.2019","4,0195","4,0201","4,0201","4,0195","0,00%"
"30.12.2019","4,0195","4,0484","4,0484","4,0084","-0,65%"
"27.12.2019","4,0460","4,0568","4,0614","4,0339","-0,25%"
"26.12.2019","4,0560","4,0827","4,0827","4,0453","-0,68%"
"25.12.2019","4,0838","4,0838","4,0838","4,0838","0,00%"
"24.12.2019","4,0838","4,0838","4,0838","4,0838","0,01%"
"23.12.2019","4,0835","4,1015","4,1015","4,0571","-0,46%"
"20.12.2019","4,1025","4,0706","4,1025","4,0576","0,81%"
"19.12.2019","4,0697","4,0633","4,0703","4,0503","0,16%"
"18.12.2019","4,0634","4,0687","4,0764","4,0463","-0,21%"
"17.12.2019","4,0719","4,0630","4,0780","4,0503","0,21%"
"16.12.2019","4,0632","4,1095","4,1095","4,0544","-1,10%"
"13.12.2019","4,1082","4,0912","4,1178","4,0751","0,43%"
"12.12.2019","4,0908","4,1241","4,1311","4,0813","-0,81%"
"11.12.2019","4,1242","4,1466","4,1470","4,1067","-0,55%"
"10.12.2019","4,1470","4,1429","4,1513","4,1323","0,11%"
"09.12.2019","4,1425","4,1417","4,1608","4,1230","0,03%"
"06.12.2019","4,1414","4,1859","4,1947","4,1330","-1,07%"
"05.12.2019","4,1860","4,2080","4,2236","4,1764","-0,52%"
"04.12.2019","4,2080","4,2055","4,2104","4,1818","0,03%"
"03.12.2019","4,2066","4,2237","4,2245","4,1840","-0,40%"
"02.12.2019","4,2234","4,2365","4,2536","4,2070","-0,31%"
"29.11.2019","4,2367","4,1895","4,2457","4,1823","1,11%"
"28.11.2019","4,1902","4,2642","4,2659","4,1901","-1,73%"
"27.11.2019","4,2638","4,2294","4,2710","4,2264","0,72%"
"26.11.2019","4,2332","4,2271","4,2773","4,2271","0,15%"
"25.11.2019","4,2268","4,1989","4,2312","4,1868","0,72%"
"22.11.2019","4,1966","4,1943","4,2011","4,1719","0,08%"
"21.11.2019","4,1932","4,1951","4,2241","4,1821","-0,08%"
"20.11.2019","4,1965","4,1942","4,1980","4,1942","0,05%"
"19.11.2019","4,1945","4,2055","4,2194","4,1851","-0,56%"
"18.11.2019","4,2180","4,1780","4,2196","4,1692","0,52%"
"15.11.2019","4,1962","4,1962","4,1962","4,1962","0,03%"
"14.11.2019","4,1951","4,1700","4,1989","4,1616","0,59%"
"13.11.2019","4,1704","4,1695","4,1901","4,1626","0,06%"
"12.11.2019","4,1677","4,1531","4,1878","4,1421","0,38%"
"11.11.2019","4,1518","4,1666","4,1712","4,1352","-0,28%"
"08.11.2019","4,1635","4,1143","4,1707","4,1079","1,53%"
"07.11.2019","4,1007","4,0833","4,1035","4,0413","0,42%"
"06.11.2019","4,0836","3,9937","4,0903","3,9747","2,25%"
"05.11.2019","3,9937","4,0125","4,0239","3,9827","-0,55%"
"04.11.2019","4,0156","3,9886","4,0198","3,9743","0,63%"
"01.11.2019","3,9903","4,0179","4,0207","3,9691","-0,70%"
"31.10.2019","4,0184","3,9932","4,0383","3,9638","0,69%"
"30.10.2019","3,9909","4,0000","4,0332","3,9823","-0,19%"
"29.10.2019","3,9986","3,9915","4,0052","3,9834","0,19%"
"28.10.2019","3,9910","4,0027","4,0098","3,9726","-0,32%"
"25.10.2019","4,0038","4,0427","4,0427","3,9913","-0,93%"
"24.10.2019","4,0415","4,0380","4,0465","3,9994","0,17%"
"23.10.2019","4,0346","4,0812","4,0930","4,0274","-1,16%"
"22.10.2019","4,0819","4,1291","4,1312","4,0598","-1,15%"
"21.10.2019","4,1293","4,1114","4,1524","4,1114","0,43%"
"18.10.2019","4,1117","4,1646","4,1666","4,1098","-1,26%"
"17.10.2019","4,1643","4,1520","4,1818","4,1269","0,30%"
"16.10.2019","4,1518","4,1802","4,1879","4,1475","-0,69%"
"15.10.2019","4,1807","4,1261","4,1814","4,1209","1,31%"
"14.10.2019","4,1265","4,1073","4,1383","4,1073","0,41%"
"11.10.2019","4,1097","4,1071","4,1261","4,0803","0,00%"
"10.10.2019","4,1095","4,1101","4,1377","4,0891","-0,02%"
"09.10.2019","4,1104","4,0965","4,1120","4,0705","0,37%"
"08.10.2019","4,0954","4,1074","4,1137","4,0739","-0,28%"
"07.10.2019","4,1071","4,0563","4,1095","4,0560","1,27%"
"04.10.2019","4,0556","4,0845","4,0856","4,0496","-0,70%"
"03.10.2019","4,0841","4,1296","4,1306","4,0743","-1,09%"
"02.10.2019","4,1293","4,1580","4,1821","4,1270","-0,71%"
"01.10.2019","4,1590","4,1575","4,1863","4,1524","0,08%"
"30.09.2019","4,1556","4,1618","4,1720","4,1411","-0,11%"
"27.09.2019","4,1602","4,1706","4,1712","4,1437","-0,26%"
"26.09.2019","4,1711","4,1475","4,1733","4,1208","0,53%"
"25.09.2019","4,1490","4,1649","4,1955","4,1448","-0,38%"
"24.09.2019","4,1650","4,1643","4,1842","4,1531","0,03%"
"23.09.2019","4,1638","4,1495","4,1849","4,1447","0,38%"
"20.09.2019","4,1480","4,1678","4,1841","4,1460","-0,48%"
"19.09.2019","4,1678","4,1109","4,1688","4,1076","1,38%"
"18.09.2019","4,1112","4,0779","4,1147","4,0726","0,82%"
"17.09.2019","4,0777","4,0944","4,1170","4,0708","-0,08%"
"16.09.2019","4,0810","4,0854","4,1070","4,0745","-0,10%"
"13.09.2019","4,0849","4,0615","4,0959","4,0429","0,59%"
"12.09.2019","4,0608","4,0682","4,0712","4,0266","-0,18%"
"11.09.2019","4,0680","4,0814","4,0928","4,0507","-0,31%"
"10.09.2019","4,0808","4,0963","4,1302","4,0793","-0,35%"
"09.09.2019","4,0953","4,0639","4,1050","4,0480","0,82%"
"06.09.2019","4,0618","4,1094","4,1094","4,0531","-1,16%"
"05.09.2019","4,1094","4,0960","4,1159","4,0704","0,35%"
"04.09.2019","4,0950","4,1674","4,1677","4,0888","-1,75%"
"03.09.2019","4,1681","4,1860","4,1860","4,1497","-0,45%"
"02.09.2019","4,1871","4,1444","4,1901","4,1414","1,01%"
"30.08.2019","4,1453","4,1699","4,1715","4,1197","-0,56%"
"29.08.2019","4,1688","4,1692","4,1776","4,1414","0,01%"
"28.08.2019","4,1682","4,1265","4,1690","4,1265","0,90%"
"27.08.2019","4,1311","4,1579","4,1954","4,1212","-0,63%"
"26.08.2019","4,1571","4,1193","4,1691","4,1022","0,91%"
"23.08.2019","4,1198","4,0704","4,1320","4,0492","1,21%"
"22.08.2019","4,0706","4,0263","4,0812","4,0160","1,09%"
"21.08.2019","4,0269","4,0546","4,0551","4,0129","-0,67%"
"20.08.2019","4,0542","4,0754","4,0761","4,0268","-0,49%"
"19.08.2019","4,0743","4,0023","4,0758","3,9897","1,71%"
"16.08.2019","4,0058","3,9918","4,0080","3,9749","0,37%"
"15.08.2019","3,9910","4,0503","4,0515","3,9785","-1,52%"
"14.08.2019","4,0526","3,9639","4,0539","3,9624","2,18%"
"13.08.2019","3,9660","3,9862","4,0136","3,9454","-0,49%"
"12.08.2019","3,9855","3,9393","4,0126","3,9382","1,11%"
"09.08.2019","3,9416","3,9203","3,9504","3,9200","0,55%"
"08.08.2019","3,9199","3,9694","3,9703","3,9184","-1,24%"
"07.08.2019","3,9691","3,9619","3,9931","3,9449","0,20%"
"06.08.2019","3,9612","3,9758","3,9866","3,9356","-0,43%"
"05.08.2019","3,9783","3,8859","3,9786","3,8859","2,29%"
"02.08.2019","3,8893","3,8411","3,8937","3,8397","1,28%"
"01.08.2019","3,8403","3,8165","3,8618","3,8115","0,72%"
"31.07.2019","3,8129","3,7897","3,8236","3,7474","0,59%"
"30.07.2019","3,7906","3,7824","3,8000","3,7751","0,24%"
"29.07.2019","3,7816","3,7750","3,8007","3,7750","0,15%"
"26.07.2019","3,7761","3,7795","3,7946","3,7593","-0,08%"
"25.07.2019","3,7790","3,7744","3,8068","3,7546","0,14%"
"24.07.2019","3,7736","3,7750","3,7797","3,7520","-0,00%"
"23.07.2019","3,7737","3,7405","3,7794","3,7402","0,88%"
"22.07.2019","3,7407","3,7456","3,7481","3,7288","-0,23%"
"19.07.2019","3,7494","3,7199","3,7550","3,7199","0,81%"
"18.07.2019","3,7193","3,7645","3,7645","3,7178","-1,19%"
"17.07.2019","3,7641","3,7692","3,7692","3,7542","-0,12%"
"16.07.2019","3,7687","3,7559","3,7717","3,7515","0,32%"
"15.07.2019","3,7567","3,7367","3,7588","3,7281","0,52%"
"12.07.2019","3,7373","3,7577","3,7644","3,7304","-0,47%"
"11.07.2019","3,7551","3,7549","3,7675","3,7346","0,01%"
"10.07.2019","3,7546","3,7883","3,7942","3,7496","-1,21%"
"09.07.2019","3,8005","3,8076","3,8076","3,8005","-0,18%"
"08.07.2019","3,8073","3,8160","3,8179","3,7991","-0,39%"
"05.07.2019","3,8221","3,8024","3,8386","3,7976","0,55%"
"04.07.2019","3,8011","3,8266","3,8293","3,7828","-0,68%"
"03.07.2019","3,8272","3,8468","3,8758","3,8150","-0,48%"
"02.07.2019","3,8456","3,8412","3,8813","3,8182","0,13%"
"01.07.2019","3,8405","3,8375","3,8488","3,8086","-0,30%"
"28.06.2019","3,8520","3,8189","3,8520","3,8128","0,85%"
"27.06.2019","3,8196","3,8461","3,8728","3,8171","-0,65%"
"26.06.2019","3,8445","3,8481","3,8590","3,8314","-0,09%"
"25.06.2019","3,8480","3,8264","3,8590","3,8182","0,59%"
"24.06.2019","3,8254","3,8216","3,8381","3,8065","0,16%"
"21.06.2019","3,8192","3,8313","3,8458","3,8119","-0,52%"
"20.06.2019","3,8390","3,8387","3,8397","3,8387","0,00%"
"19.06.2019","3,8390","3,8603","3,8840","3,8376","-0,55%"
"18.06.2019","3,8603","3,8899","3,8899","3,8489","-0,72%"
"17.06.2019","3,8883","3,8967","3,9245","3,8792","-0,19%"
"14.06.2019","3,8958","3,8491","3,9135","3,8479","1,22%"
"13.06.2019","3,8487","3,8670","3,8675","3,8342","-0,48%"
"12.06.2019","3,8672","3,8573","3,8723","3,8293","0,26%"
"11.06.2019","3,8571","3,8870","3,8870","3,8420","-0,81%"
"10.06.2019","3,8887","3,8763","3,9003","3,8674","0,25%"
"07.06.2019","3,8789","3,8806","3,8864","3,8505","-0,02%"
"06.06.2019","3,8798","3,8813","3,8878","3,8563","-0,03%"
"05.06.2019","3,8811","3,8569","3,9036","3,8357","0,68%"
"04.06.2019","3,8548","3,8857","3,8899","3,8485","-0,80%"
"03.06.2019","3,8859","3,9233","3,9349","3,8823","-0,94%"
"31.05.2019","3,9228","3,9802","3,9988","3,9090","-1,48%"
"30.05.2019","3,9818","3,9743","3,9931","3,9542","0,18%"
"29.05.2019","3,9747","4,0247","4,0408","3,9678","-1,24%"
"28.05.2019","4,0247","4,0432","4,0539","4,0101","-0,44%"
"27.05.2019","4,0423","4,0134","4,0441","4,0042","0,49%"
"24.05.2019","4,0225","4,0426","4,0485","4,0092","-0,44%"
"23.05.2019","4,0401","4,0405","4,0717","4,0255","-0,00%"
"22.05.2019","4,0403","4,0384","4,0530","4,0062","0,03%"
"21.05.2019","4,0390","4,0966","4,1136","4,0329","-1,41%"
"20.05.2019","4,0968","4,1014","4,1217","4,0774","-0,08%"
"17.05.2019","4,0999","4,0480","4,1129","4,0472","1,31%"
"16.05.2019","4,0469","4,0014","4,0542","3,9933","1,13%"
"15.05.2019","4,0017","3,9765","4,0218","3,9735","0,67%"
"14.05.2019","3,9751","3,9926","3,9952","3,9661","-0,47%"
"13.05.2019","3,9939","3,9771","4,0057","3,9733","0,93%"
"10.05.2019","3,9572","3,9470","3,9736","3,9363","0,27%"
"09.05.2019","3,9466","3,9283","3,9818","3,9283","0,46%"
"08.05.2019","3,9285","3,9708","3,9781","3,9251","-1,07%"
"07.05.2019","3,9710","3,9710","4,0006","3,9640","0,04%"
"06.05.2019","3,9695","3,9386","3,9754","3,9386","0,79%"
"03.05.2019","3,9382","3,9669","3,9684","3,9304","-0,70%"
"02.05.2019","3,9661","3,9198","3,9722","3,9181","1,17%"
"01.05.2019","3,9202","3,9201","3,9220","3,9182","-0,03%"
"30.04.2019","3,9215","3,9453","3,9573","3,9127","-0,61%"
"29.04.2019","3,9456","3,9304","3,9466","3,9214","0,41%"
"26.04.2019","3,9293","3,9505","3,9758","3,9194","-0,63%"
"25.04.2019","3,9542","3,9918","4,0071","3,9467","-0,96%"
"24.04.2019","3,9927","3,9204","3,9942","3,9185","1,83%"
"23.04.2019","3,9211","3,9370","3,9648","3,9131","-0,39%"
"22.04.2019","3,9365","3,9268","3,9394","3,9127","0,23%"
"19.04.2019","3,9275","3,9275","3,9275","3,9275","0,00%"
"18.04.2019","3,9274","3,9409","3,9522","3,9047","-0,27%"
"17.04.2019","3,9382","3,9052","3,9477","3,8859","0,88%"
"16.04.2019","3,9040","3,8730","3,9085","3,8687","0,82%"
"15.04.2019","3,8723","3,8811","3,8908","3,8588","-0,25%"
"12.04.2019","3,8819","3,8584","3,9080","3,8575","0,61%"
"11.04.2019","3,8582","3,8264","3,8636","3,8264","0,87%"
"10.04.2019","3,8251","3,8511","3,8542","3,8144","-0,67%"
"09.04.2019","3,8510","3,8500","3,8649","3,8462","0,04%"
"08.04.2019","3,8495","3,8720","3,8773","3,8415","-0,62%"
"05.04.2019","3,8735","3,8589","3,8766","3,8415","0,38%"
"04.04.2019","3,8590","3,8708","3,8876","3,8472","-0,28%"
"03.04.2019","3,8700","3,8538","3,8824","3,8327","0,42%"
"02.04.2019","3,8537","3,8523","3,8800","3,8483","0,05%"
"01.04.2019","3,8518","3,8897","3,8932","3,8492","-1,86%"
"29.03.2019","3,9247","3,9016","3,9347","3,8679","0,61%"
"28.03.2019","3,9010","3,9927","4,0159","3,8982","-2,32%"
"27.03.2019","3,9935","3,8739","4,0019","3,8725","3,00%"
"26.03.2019","3,8773","3,8529","3,8794","3,8333","0,59%"
"25.03.2019","3,8544","3,9047","3,9374","3,8438","-1,35%"
"22.03.2019","3,9071","3,7928","3,9169","3,7928","3,01%"
"21.03.2019","3,7930","3,7761","3,8382","3,7639","0,44%"
"20.03.2019","3,7763","3,7921","3,7994","3,7386","-0,34%"
"19.03.2019","3,7891","3,7912","3,8001","3,7647","-0,06%"
"18.03.2019","3,7915","3,8161","3,8277","3,7832","-0,60%"
"15.03.2019","3,8144","3,8453","3,8725","3,8081","-0,78%"
"14.03.2019","3,8443","3,8157","3,8556","3,8142","0,78%"
"13.03.2019","3,8147","3,8113","3,8352","3,7995","0,09%"
"12.03.2019","3,8114","3,8399","3,8445","3,8009","-0,75%"
"11.03.2019","3,8403","3,8678","3,8685","3,8342","-0,69%"
"08.03.2019","3,8668","3,8708","3,9032","3,8493","-0,09%"
"07.03.2019","3,8704","3,8405","3,9028","3,8159","0,79%"
"06.03.2019","3,8401","3,7763","3,8451","3,7746","1,71%"
"05.03.2019","3,7755","3,7755","3,7755","3,7755","0,00%"
"04.03.2019","3,7755","3,7742","3,7755","3,7742","0,01%"
"01.03.2019","3,7752","3,7511","3,7957","3,7456","0,63%"
"28.02.2019","3,7514","3,7258","3,7592","3,7171","0,61%"
"27.02.2019","3,7287","3,7444","3,7478","3,7217","-0,54%"
"26.02.2019","3,7489","3,7519","3,7666","3,7378","-0,09%"
"25.02.2019","3,7521","3,7468","3,7523","3,7193","0,10%"
"22.02.2019","3,7485","3,7683","3,7683","3,7262","-0,56%"
"21.02.2019","3,7696","3,7256","3,7721","3,7149","1,12%"
"20.02.2019","3,7277","3,7243","3,7372","3,6900","0,12%"
"19.02.2019","3,7231","3,7334","3,7449","3,7029","-0,33%"
"18.02.2019","3,7353","3,7012","3,7422","3,7012","0,93%"
"15.02.2019","3,7008","3,7203","3,7264","3,6983","-0,60%"
"14.02.2019","3,7233","3,7514","3,7952","3,7137","-0,83%"
"13.02.2019","3,7544","3,7104","3,7619","3,7104","1,20%"
"12.02.2019","3,7098","3,7437","3,7470","3,7021","-1,27%"
"11.02.2019","3,7577","3,7312","3,7747","3,7274","0,76%"
"08.02.2019","3,7292","3,7195","3,7477","3,7027","0,34%"
"07.02.2019","3,7167","3,6996","3,7375","3,6990","0,50%"
"06.02.2019","3,6983","3,6696","3,7161","3,6672","0,78%"
"05.02.2019","3,6698","3,6637","3,6846","3,6610","0,03%"
"04.02.2019","3,6687","3,6597","3,6877","3,6592","0,25%"
"01.02.2019","3,6597","3,6455","3,6822","3,6376","0,43%"
"31.01.2019","3,6440","3,6865","3,6865","3,6358","-1,11%"
"30.01.2019","3,6850","3,7205","3,7321","3,6741","-0,95%"
"29.01.2019","3,7202","3,7617","3,7648","3,7150","-1,11%"
"28.01.2019","3,7619","3,7780","3,7878","3,7500","-0,24%"
"25.01.2019","3,7708","3,7713","3,7713","3,7708","-0,07%"
"24.01.2019","3,7733","3,7746","3,7955","3,7381","0,19%"
"23.01.2019","3,7663","3,7943","3,8134","3,7561","-1,28%"
"22.01.2019","3,8152","3,7545","3,8173","3,7457","1,60%"
"21.01.2019","3,7550","3,7609","3,7811","3,7541","0,09%"
"18.01.2019","3,7517","3,7480","3,7743","3,7285","0,03%"
"17.01.2019","3,7504","3,7329","3,7744","3,7262","0,37%"
"16.01.2019","3,7366","3,7151","3,7381","3,7084","0,52%"
"15.01.2019","3,7172","3,7024","3,7325","3,6947","0,49%"
"14.01.2019","3,6991","3,7121","3,7357","3,6846","-0,33%"
"11.01.2019","3,7113","3,6943","3,7300","3,6913","0,02%"
"10.01.2019","3,7105","3,6807","3,7249","3,6746","0,81%"
"09.01.2019","3,6807","3,7138","3,7155","3,6743","-0,88%"
"08.01.2019","3,7133","3,7373","3,7412","3,7034","-0,60%"
"07.01.2019","3,7356","3,7139","3,7384","3,6898","0,54%"
"04.01.2019","3,7155","3,7593","3,7850","3,7088","-1,09%"
"03.01.2019","3,7565","3,7960","3,8074","3,7376","-0,88%"
"02.01.2019","3,7900","3,8786","3,8971","3,7828","-2,35%"
"01.01.2019","3,8813","3,8813","3,8813","3,8813","0,00%"
"31.12.2018","3,8813","3,8813","3,8813","3,8813","0,00%"
"28.12.2018","3,8813","3,8769","3,8956","3,8298","0,20%"
"27.12.2018","3,8735","3,9202","3,9456","3,8685","-1,24%"
"26.12.2018","3,9220","3,9040","3,9405","3,8918","0,46%"
"25.12.2018","3,9040","3,9040","3,9040","3,9040","0,00%"
"24.12.2018","3,9040","3,9040","3,9040","3,9040","0,00%"
"21.12.2018","3,9040","3,8408","3,9071","3,8393","1,61%"
"20.12.2018","3,8422","3,8971","3,8971","3,8327","-1,42%"
"19.12.2018","3,8977","3,9015","3,9138","3,8634","-0,38%"
"18.12.2018","3,9124","3,8970","3,9173","3,8836","0,33%"
"17.12.2018","3,8995","3,9173","3,9285","3,8772","-0,45%"
"14.12.2018","3,9171","3,9113","3,9210","3,8877","0,67%"
"13.12.2018","3,8911","3,8551","3,8974","3,8507","0,92%"
"12.12.2018","3,8555","3,8936","3,8997","3,8362","-1,24%"
"11.12.2018","3,9040","3,9202","3,9226","3,8876","-0,36%"
"10.12.2018","3,9181","3,9076","3,9455","3,8914","0,27%"
"07.12.2018","3,9075","3,8817","3,9239","3,8571","0,73%"
"06.12.2018","3,8793","3,8910","3,9445","3,8733","0,28%"
"05.12.2018","3,8686","3,8517","3,8832","3,8341","0,42%"
"04.12.2018","3,8525","3,8290","3,8675","3,8177","0,27%"
"03.12.2018","3,8423","3,8677","3,8677","3,8161","-0,64%"
"30.11.2018","3,8669","3,8496","3,8888","3,8380","0,37%"
"29.11.2018","3,8527","3,8516","3,8752","3,8331","0,04%"
"28.11.2018","3,8510","3,8790","3,8878","3,8317","-0,62%"
"27.11.2018","3,8752","3,9228","3,9241","3,8619","-1,67%"
"26.11.2018","3,9410","3,8184","3,9452","3,8171","2,94%"
"23.11.2018","3,8283","3,8035","3,8306","3,7948","0,63%"
"22.11.2018","3,8045","3,7904","3,8269","3,7902","0,18%"
"21.11.2018","3,7976","3,7560","3,8034","3,7560","1,08%"
"20.11.2018","3,7572","3,7563","3,7572","3,7563","0,01%"
"19.11.2018","3,7570","3,7473","3,7736","3,7427","0,36%"
"16.11.2018","3,7435","3,7723","3,7827","3,7296","-1,08%"
"15.11.2018","3,7843","3,7843","3,7843","3,7843","0,01%"
"14.11.2018","3,7841","3,8032","3,8194","3,7661","-0,50%"
"13.11.2018","3,8032","3,7561","3,8313","3,7529","0,95%"
"12.11.2018","3,7675","3,7487","3,7696","3,7361","0,91%"
"09.11.2018","3,7335","3,7610","3,7750","3,7252","-0,72%"
"08.11.2018","3,7605","3,7297","3,7642","3,7158","0,77%"
"07.11.2018","3,7318","3,7618","3,7874","3,7220","-0,79%"
"06.11.2018","3,7615","3,7270","3,7701","3,7237","0,95%"
"05.11.2018","3,7262","3,6968","3,7326","3,6910","0,80%"
"02.11.2018","3,6968","3,7039","3,7039","3,6963","-0,12%"
"01.11.2018","3,7012","3,7231","3,7241","3,6799","-0,56%"
"31.10.2018","3,7220","3,6969","3,7445","3,6854","0,67%"
"30.10.2018","3,6974","3,7175","3,7359","3,6768","-0,57%"
"29.10.2018","3,7187","3,6437","3,7226","3,5819","2,08%"
"26.10.2018","3,6429","3,7059","3,7302","3,6395","-1,70%"
"25.10.2018","3,7058","3,7361","3,7361","3,6818","-0,78%"
"24.10.2018","3,7350","3,6950","3,7475","3,6827","1,10%"
"23.10.2018","3,6942","3,6883","3,7237","3,6856","0,22%"
"22.10.2018","3,6860","3,6954","3,7214","3,6698","-0,78%"
"19.10.2018","3,7149","3,7220","3,7273","3,6875","-0,18%"
"18.10.2018","3,7216","3,6875","3,7313","3,6726","0,92%"
"17.10.2018","3,6875","3,7242","3,7460","3,6640","-1,01%"
"16.10.2018","3,7252","3,7355","3,7363","3,6913","-0,28%"
"15.10.2018","3,7357","3,7561","3,7645","3,7125","-1,25%"
"12.10.2018","3,7830","3,7838","3,7838","3,7824","0,05%"
"11.10.2018","3,7812","3,7565","3,7858","3,7159","0,68%"
"10.10.2018","3,7555","3,7163","3,7687","3,7109","1,08%"
"09.10.2018","3,7155","3,7818","3,7911","3,7005","-1,68%"
"08.10.2018","3,7790","3,7275","3,7826","3,7094","-1,62%"
"05.10.2018","3,8413","3,8742","3,8950","3,8376","-0,86%"
"04.10.2018","3,8745","3,9017","3,9355","3,8732","-0,69%"
"03.10.2018","3,9015","3,9415","3,9415","3,8220","-1,01%"
"02.10.2018","3,9414","4,0186","4,0188","3,9058","-1,91%"
"01.10.2018","4,0181","4,0500","4,0633","4,0037","-0,77%"
"28.09.2018","4,0491","4,0147","4,0580","3,9898","0,92%"
"27.09.2018","4,0123","4,0343","4,0553","3,9665","-0,49%"
"26.09.2018","4,0322","4,0792","4,0945","4,0095","-1,07%"
"25.09.2018","4,0757","4,0893","4,1418","4,0682","-0,42%"
"24.09.2018","4,0928","4,0656","4,0975","4,0362","1,02%"
"21.09.2018","4,0516","4,0770","4,0958","4,0278","-0,63%"
"20.09.2018","4,0771","4,1273","4,1311","4,0671","-1,32%"
"19.09.2018","4,1315","4,1631","4,1762","4,0976","-0,69%"
"18.09.2018","4,1604","4,1342","4,1651","4,1174","0,68%"
"17.09.2018","4,1324","4,1744","4,2041","4,1159","-1,00%"
"14.09.2018","4,1742","4,2063","4,2105","4,1579","-0,80%"
"13.09.2018","4,2077","4,1616","4,2101","4,1244","1,20%"
"12.09.2018","4,1579","4,1528","4,1677","4,1106","0,11%"
"11.09.2018","4,1535","4,0864","4,1798","4,0864","1,63%"
"10.09.2018","4,0867","4,0679","4,1280","4,0524","0,67%"
"07.09.2018","4,0597","4,0597","4,0597","4,0597","0,02%"
"06.09.2018","4,0590","4,1448","4,1658","4,0357","-2,11%"
"05.09.2018","4,1466","4,1570","4,1863","4,1119","-0,33%"
"04.09.2018","4,1602","4,1566","4,1908","4,1375","0,03%"
"03.09.2018","4,1590","4,0926","4,1606","4,0916","2,55%"
"31.08.2018","4,0556","4,1486","4,1776","4,0532","-2,26%"
"30.08.2018","4,1495","4,1057","4,2150","4,1029","1,02%"
"29.08.2018","4,1074","4,1389","4,1647","4,1016","-0,65%"
"28.08.2018","4,1342","4,0797","4,1475","4,0617","1,39%"
"27.08.2018","4,0775","4,1055","4,1144","4,0470","-0,60%"
"24.08.2018","4,1020","4,1146","4,1326","4,0720","-0,33%"
"23.08.2018","4,1155","4,0418","4,1284","4,0408","1,81%"
"22.08.2018","4,0425","4,0507","4,0915","4,0312","-0,13%"
"21.08.2018","4,0477","3,9697","4,0533","3,9558","1,96%"
"20.08.2018","3,9700","3,9139","3,9715","3,9139","1,49%"
"17.08.2018","3,9116","3,9078","3,9537","3,9036","0,11%"
"16.08.2018","3,9072","3,9055","3,9297","3,8672","0,04%"
"15.08.2018","3,9055","3,8665","3,9275","3,8660","0,99%"
"14.08.2018","3,8673","3,8849","3,9038","3,8590","-0,43%"
"13.08.2018","3,8840","3,8585","3,9292","3,8585","0,63%"
"10.08.2018","3,8596","3,8020","3,8746","3,8009","1,53%"
"09.08.2018","3,8015","3,7718","3,8217","3,7718","0,78%"
"08.08.2018","3,7721","3,7525","3,7734","3,7355","0,55%"
"07.08.2018","3,7515","3,7370","3,7723","3,7033","0,41%"
"06.08.2018","3,7363","3,7048","3,7372","3,6902","0,76%"
"03.08.2018","3,7080","3,7519","3,7539","3,7000","-1,13%"
"02.08.2018","3,7503","3,7520","3,7822","3,7491","0,01%"
"01.08.2018","3,7499","3,7565","3,7703","3,7310","-0,17%"
"31.07.2018","3,7563","3,7300","3,7645","3,7220","0,69%"
"30.07.2018","3,7307","3,7139","3,7323","3,6956","0,52%"
"27.07.2018","3,7114","3,7464","3,7477","3,7065","-0,93%"
"26.07.2018","3,7462","3,6886","3,7483","3,6886","1,56%"
"25.07.2018","3,6886","3,7483","3,7485","3,6886","-1,59%"
"24.07.2018","3,7481","3,7833","3,7872","3,7321","-0,91%"
"23.07.2018","3,7826","3,7662","3,8028","3,7662","0,38%"
"20.07.2018","3,7681","3,8319","3,8319","3,7584","-1,60%"
"19.07.2018","3,8295","3,8495","3,8923","3,8225","-0,56%"
"18.07.2018","3,8512","3,8373","3,8647","3,8190","0,32%"
"17.07.2018","3,8388","3,8634","3,8801","3,8386","-0,56%"
"16.07.2018","3,8605","3,8516","3,8742","3,8337","0,23%"
"13.07.2018","3,8518","3,8821","3,9005","3,8441","-0,78%"
"12.07.2018","3,8822","3,8744","3,9030","3,8373","0,13%"
"11.07.2018","3,8773","3,8169","3,8859","3,8135","1,63%"
"10.07.2018","3,8152","3,8836","3,8872","3,7936","-1,48%"
"09.07.2018","3,8727","3,8653","3,8727","3,8649","0,26%"
"06.07.2018","3,8628","3,9322","3,9529","3,8594","-1,78%"
"05.07.2018","3,9327","3,9133","3,9417","3,8855","0,49%"
"04.07.2018","3,9137","3,8941","3,9194","3,8855","0,42%"
"03.07.2018","3,8975","3,9125","3,9152","3,8731","-0,39%"
"02.07.2018","3,9129","3,8790","3,9207","3,8761","0,92%"
"29.06.2018","3,8771","3,8582","3,8801","3,8283","0,38%"
"28.06.2018","3,8624","3,8611","3,8779","3,8350","-0,01%"
"27.06.2018","3,8628","3,7990","3,8773","3,7904","1,61%"
"26.06.2018","3,8016","3,7740","3,8033","3,7612","0,66%"
"25.06.2018","3,7767","3,7887","3,7887","3,7618","-0,25%"
"22.06.2018","3,7860","3,7687","3,7896","3,7353","0,45%"
"21.06.2018","3,7691","3,7697","3,8048","3,7535","-0,06%"
"20.06.2018","3,7715","3,7447","3,7868","3,7058","0,65%"
"19.06.2018","3,7471","3,7471","3,7864","3,7178","0,00%"
"18.06.2018","3,7470","3,7310","3,7661","3,7282","0,47%"
"15.06.2018","3,7296","3,8060","3,8060","3,7147","-2,01%"
"14.06.2018","3,8060","3,7208","3,8161","3,6862","2,31%"
"13.06.2018","3,7201","3,7180","3,7386","3,6845","0,04%"
"12.06.2018","3,7185","3,7075","3,7300","3,6685","0,24%"
"11.06.2018","3,7097","3,7101","3,7306","3,6714","0,01%"
"08.06.2018","3,7094","3,9032","3,9068","3,6928","-5,08%"
"07.06.2018","3,9078","3,8489","3,9684","3,8466","1,53%"
"06.06.2018","3,8488","3,8086","3,8555","3,8049","1,10%"
"05.06.2018","3,8068","3,7452","3,8176","3,7452","1,60%"
"04.06.2018","3,7468","3,7663","3,7671","3,7260","-0,44%"
"01.06.2018","3,7633","3,7250","3,7706","3,7207","1,07%"
"31.05.2018","3,7235","3,7251","3,7272","3,7235","-0,02%"
"30.05.2018","3,7241","3,7249","3,7678","3,6794","-0,03%"
"29.05.2018","3,7254","3,7346","3,7702","3,7117","-0,26%"
"28.05.2018","3,7352","3,6522","3,7465","3,6520","2,27%"
"25.05.2018","3,6524","3,6463","3,6791","3,6425","0,08%"
"24.05.2018","3,6496","3,6275","3,6564","3,6273","0,57%"
"23.05.2018","3,6288","3,6452","3,6799","3,6166","-0,44%"
"22.05.2018","3,6448","3,6772","3,6789","3,6265","-0,88%"
"21.05.2018","3,6772","3,7370","3,7382","3,6709","-1,60%"
"18.05.2018","3,7370","3,6976","3,7772","3,6947","1,09%"
"17.05.2018","3,6966","3,6749","3,7136","3,6444","0,56%"
"16.05.2018","3,6761","3,6536","3,6955","3,6528","0,60%"
"15.05.2018","3,6540","3,6239","3,6942","3,6218","0,85%"
"14.05.2018","3,6231","3,5992","3,6412","3,5729","0,64%"
"11.05.2018","3,5999","3,5495","3,6130","3,5434","1,40%"
"10.05.2018","3,5502","3,5937","3,5950","3,5424","-1,17%"
"09.05.2018","3,5924","3,5638","3,6101","3,5591","0,81%"
"08.05.2018","3,5636","3,5514","3,5941","3,5509","0,29%"
"07.05.2018","3,5534","3,5316","3,5598","3,5316","0,65%"
"04.05.2018","3,5303","3,5274","3,5494","3,5141","0,06%"
"03.05.2018","3,5282","3,5507","3,5673","3,5199","-0,66%"
"02.05.2018","3,5518","3,5078","3,5547","3,5078","1,26%"
"01.05.2018","3,5076","3,5075","3,5078","3,5074","0,01%"
"30.04.2018","3,5072","3,4569","3,5095","3,4569","1,46%"
"27.04.2018","3,4568","3,4764","3,4816","3,4533","-0,54%"
"26.04.2018","3,4755","3,4851","3,5088","3,4745","-0,27%"
"25.04.2018","3,4850","3,4742","3,5160","3,4706","0,39%"
"24.04.2018","3,4714","3,4520","3,4813","3,4354","0,54%"
"23.04.2018","3,4527","3,4142","3,4538","3,4142","1,16%"
"20.04.2018","3,4130","3,3847","3,4182","3,3841","0,72%"
"19.04.2018","3,3885","3,3811","3,4106","3,3802","0,24%"
"18.04.2018","3,3805","3,4080","3,4097","3,3729","-0,81%"
"17.04.2018","3,4080","3,4215","3,4217","3,3887","-0,33%"
"16.04.2018","3,4194","3,4251","3,4362","3,4057","-0,08%"
"13.04.2018","3,4223","3,4122","3,4308","3,3963","0,26%"
"12.04.2018","3,4133","3,3752","3,4202","3,3651","1,15%"
"11.04.2018","3,3746","3,4066","3,4247","3,3727","-1,00%"
"10.04.2018","3,4088","3,4216","3,4357","3,4001","-0,33%"
"09.04.2018","3,4200","3,3697","3,4247","3,3641","1,49%"
"06.04.2018","3,3697","3,3453","3,3807","3,3424","0,74%"
"05.04.2018","3,3449","3,3310","3,3500","3,2961","0,46%"
"04.04.2018","3,3297","3,3411","3,3685","3,3269","-0,35%"
"03.04.2018","3,3413","3,3095","3,3443","3,3026","0,91%"
"02.04.2018","3,3112","3,3056","3,3251","3,2973","0,18%"
"30.03.2018","3,3051","3,3044","3,3051","3,3040","-0,03%"
"29.03.2018","3,3060","3,3211","3,3295","3,2926","-0,44%"
"28.03.2018","3,3205","3,3288","3,3469","3,3195","-0,25%"
"27.03.2018","3,3288","3,3120","3,3371","3,3098","0,51%"
"26.03.2018","3,3119","3,3139","3,3146","3,2923","-0,01%"
"23.03.2018","3,3123","3,3157","3,3190","3,2936","-0,11%"
"22.03.2018","3,3159","3,2727","3,3176","3,2719","1,33%"
"21.03.2018","3,2725","3,3127","3,3132","3,2635","-1,18%"
"20.03.2018","3,3117","3,2858","3,3119","3,2788","0,78%"
"19.03.2018","3,2862","3,2790","3,2969","3,2790","0,16%"
"16.03.2018","3,2811","3,2862","3,2997","3,2719","-0,16%"
"15.03.2018","3,2862","3,2626","3,2980","3,2614","0,78%"
"14.03.2018","3,2607","3,2614","3,2679","3,2466","0,00%"
"13.03.2018","3,2607","3,2622","3,2660","3,2372","-0,05%"
"12.03.2018","3,2622","3,2561","3,2685","3,2500","0,21%"
"09.03.2018","3,2553","3,2669","3,2708","3,2390","-0,36%"
"08.03.2018","3,2669","3,2448","3,2703","3,2390","0,66%"
"07.03.2018","3,2454","3,2117","3,2486","3,2099","1,05%"
"06.03.2018","3,2117","3,2430","3,2439","3,2055","-0,97%"
"05.03.2018","3,2430","3,2528","3,2640","3,2415","-0,30%"
"02.03.2018","3,2528","3,2516","3,2672","3,2480","0,04%"
"01.03.2018","3,2515","3,2462","3,2715","3,2383","0,16%"
"28.02.2018","3,2462","3,2516","3,2540","3,2349","-0,17%"
"27.02.2018","3,2516","3,2243","3,2555","3,2217","0,80%"
"26.02.2018","3,2258","3,2379","3,2426","3,2224","-0,37%"
"23.02.2018","3,2379","3,2502","3,2510","3,2322","-0,38%"
"22.02.2018","3,2502","3,2687","3,2738","3,2420","-0,58%"
"21.02.2018","3,2692","3,2572","3,2729","3,2423","0,41%"
"20.02.2018","3,2557","3,2340","3,2614","3,2340","0,65%"
"19.02.2018","3,2346","3,2308","3,2384","3,2222","0,11%"
"16.02.2018","3,2312","3,2323","3,2477","3,2021","0,10%"
"15.02.2018","3,2279","3,2197","3,2412","3,1980","0,33%"
"14.02.2018","3,2174","3,2927","3,2971","3,2159","-2,38%"
"13.02.2018","3,2957","3,2957","3,2957","3,2957","0,01%"
"12.02.2018","3,2954","3,2954","3,2954","3,2954","0,04%"
"09.02.2018","3,2942","3,2860","3,3188","3,2673","0,26%"
"08.02.2018","3,2858","3,2714","3,3030","3,2558","0,44%"
"07.02.2018","3,2714","3,2480","3,2836","3,2371","1,13%"
"06.02.2018","3,2348","3,2628","3,2782","3,2322","-0,85%"
"05.02.2018","3,2625","3,2181","3,2657","3,2130","1,38%"
"02.02.2018","3,2181","3,1671","3,2234","3,1671","1,62%"
"01.02.2018","3,1669","3,1854","3,1964","3,1613","-0,60%"
"31.01.2018","3,1859","3,1839","3,1951","3,1454","0,15%"
"30.01.2018","3,1812","3,1550","3,1949","3,1477","0,83%"
"29.01.2018","3,1550","3,1530","3,1718","3,1530","0,13%"
"26.01.2018","3,1510","3,1481","3,1560","3,1195","0,08%"
"25.01.2018","3,1485","3,1464","3,1485","3,1464","0,06%"
"24.01.2018","3,1465","3,2375","3,2400","3,1345","-2,80%"
"23.01.2018","3,2370","3,2036","3,2441","3,2012","1,09%"
"22.01.2018","3,2021","3,1961","3,2113","3,1816","0,18%"
"19.01.2018","3,1962","3,2082","3,2149","3,1936","-0,32%"
"18.01.2018","3,2065","3,2240","3,2245","3,2011","-0,54%"
"17.01.2018","3,2238","3,2264","3,2386","3,2113","-0,02%"
"16.01.2018","3,2243","3,2168","3,2377","3,2114","0,25%"
"15.01.2018","3,2163","3,2054","3,2206","3,1912","0,31%"
"12.01.2018","3,2064","3,2161","3,2305","3,1989","-0,28%"
"11.01.2018","3,2155","3,2283","3,2401","3,2117","-0,40%"
"10.01.2018","3,2283","3,2519","3,2557","3,2252","-0,62%"
"09.01.2018","3,2483","3,2413","3,2553","3,2291","0,23%"
"08.01.2018","3,2407","3,2289","3,2445","3,2227","0,36%"
"05.01.2018","3,2292","3,2348","3,2494","3,2262","-0,17%"
"04.01.2018","3,2346","3,2374","3,2428","3,2214","-0,07%"
"03.01.2018","3,2370","3,2590","3,2680","3,2311","-0,68%"
"02.01.2018","3,2591","3,3136","3,3136","3,2569","-1,61%"
"01.01.2018","3,3125","3,3125","3,3125","3,3125","0,00%"
"29.12.2017","3,3125","3,3125","3,3125","3,3125","0,00%"
"28.12.2017","3,3125","3,3152","3,3176","3,2946","-0,08%"
"27.12.2017","3,3150","3,3106","3,3220","3,2916","0,12%"
"26.12.2017","3,3111","3,3376","3,3376","3,3062","-0,78%"
"25.12.2017","3,3370","3,3370","3,3370","3,3370","0,00%"
"22.12.2017","3,3370","3,3091","3,3401","3,3034","0,86%"
"21.12.2017","3,3084","3,2978","3,3170","3,2901","0,32%"
"20.12.2017","3,2979","3,2911","3,3008","3,2807","0,24%"
"19.12.2017","3,2900","3,2923","3,3079","3,2811","-0,07%"
"18.12.2017","3,2923","3,2947","3,3009","3,2780","-0,07%"
"15.12.2017","3,2947","3,3336","3,3374","3,2942","-1,41%"
"14.12.2017","3,3419","3,3234","3,3476","3,3100","0,96%"
"13.12.2017","3,3100","3,3070","3,3321","3,2877","0,11%"
"12.12.2017","3,3065","3,3055","3,3334","3,2963","0,05%"
"11.12.2017","3,3048","3,2912","3,3060","3,2726","0,39%"
"08.12.2017","3,2919","3,2768","3,3105","3,2648","0,04%"
"07.12.2017","3,2907","3,2477","3,3182","3,2468","1,70%"
"06.12.2017","3,2357","3,2415","3,2493","3,2241","-0,19%"
"05.12.2017","3,2418","3,2447","3,2470","3,2197","-0,07%"
"04.12.2017","3,2442","3,2581","3,2623","3,2418","-0,43%"
"01.12.2017","3,2581","3,2727","3,2851","3,2479","-0,45%"
"30.11.2017","3,2727","3,2465","3,2883","3,2350","0,82%"
"29.11.2017","3,2461","3,2132","3,2473","3,2002","1,03%"
"28.11.2017","3,2131","3,2325","3,2325","3,2019","-0,46%"
"27.11.2017","3,2278","3,2330","3,2331","3,2130","-0,16%"
"24.11.2017","3,2330","3,2218","3,2360","3,2212","0,34%"
"23.11.2017","3,2219","3,2241","3,2428","3,2183","-0,07%"
"22.11.2017","3,2243","3,2570","3,2646","3,2213","-1,06%"
"21.11.2017","3,2588","3,2593","3,2657","3,2390","0,04%"
"20.11.2017","3,2574","3,2574","3,2574","3,2574","0,00%"
"17.11.2017","3,2574","3,2726","3,2884","3,2546","-0,51%"
"16.11.2017","3,2740","3,3130","3,3132","3,2677","-1,19%"
"15.11.2017","3,3133","3,3133","3,3133","3,3133","0,01%"
"14.11.2017","3,3131","3,2805","3,3178","3,2662","1,03%"
"13.11.2017","3,2794","3,2821","3,3005","3,2760","0,05%"
"10.11.2017","3,2779","3,2529","3,2841","3,2501","0,79%"
"09.11.2017","3,2521","3,2546","3,2665","3,2359","-0,08%"
"08.11.2017","3,2548","3,2723","3,2723","3,2401","-0,51%"
"07.11.2017","3,2714","3,2495","3,2884","3,2495","0,67%"
"06.11.2017","3,2495","3,3144","3,3144","3,2476","-1,96%"
"03.11.2017","3,3144","3,2664","3,3350","3,2482","1,42%"
"02.11.2017","3,2680","3,2683","3,2683","3,2680","0,01%"
"01.11.2017","3,2677","3,2727","3,2927","3,2565","-0,15%"
"31.10.2017","3,2727","3,2891","3,3018","3,2645","-0,50%"
"30.10.2017","3,2891","3,2367","3,2892","3,2344","1,63%"
"27.10.2017","3,2363","3,2902","3,3030","3,2342","-1,65%"
"26.10.2017","3,2906","3,2332","3,2978","3,2287","1,78%"
"25.10.2017","3,2332","3,2441","3,2599","3,2283","-0,32%"
"24.10.2017","3,2435","3,2389","3,2670","3,2239","0,18%"
"23.10.2017","3,2378","3,1929","3,2387","3,1893","1,42%"
"20.10.2017","3,1926","3,1665","3,1980","3,1665","0,81%"
"19.10.2017","3,1671","3,1721","3,1793","3,1625","-0,13%"
"18.10.2017","3,1711","3,1582","3,1817","3,1556","0,41%"
"17.10.2017","3,1580","3,1712","3,1838","3,1580","-0,42%"
"16.10.2017","3,1712","3,1454","3,1740","3,1441","0,83%"
"13.10.2017","3,1452","3,1730","3,1803","3,1437","-0,80%"
"12.10.2017","3,1705","3,1721","3,1727","3,1705","-0,06%"
"11.10.2017","3,1724","3,1795","3,1799","3,1599","-0,22%"
"10.10.2017","3,1795","3,1890","3,1890","3,1618","-0,29%"
"09.10.2017","3,1888","3,1563","3,1900","3,1558","1,04%"
"06.10.2017","3,1561","3,1547","3,1784","3,1496","0,05%"
"05.10.2017","3,1545","3,1319","3,1566","3,1244","0,62%"
"04.10.2017","3,1351","3,1456","3,1456","3,1221","-0,24%"
"03.10.2017","3,1427","3,1545","3,1656","3,1410","-0,37%"
"02.10.2017","3,1545","3,1644","3,1791","3,1513","-0,23%"
"29.09.2017","3,1619","3,1827","3,1906","3,1562","-0,65%"
"28.09.2017","3,1825","3,1934","3,2003","3,1772","-0,34%"
"27.09.2017","3,1932","3,1669","3,1986","3,1665","0,84%"
"26.09.2017","3,1666","3,1592","3,1752","3,1522","0,21%"
"25.09.2017","3,1599","3,1326","3,1618","3,1260","1,12%"
"22.09.2017","3,1250","3,1376","3,1397","3,1223","-0,40%"
"21.09.2017","3,1377","3,1332","3,1473","3,1256","0,17%"
"20.09.2017","3,1325","3,1354","3,1394","3,1136","-0,08%"
"19.09.2017","3,1351","3,1362","3,1402","3,1244","-0,05%"
"18.09.2017","3,1368","3,1108","3,1388","3,1079","0,91%"
"15.09.2017","3,1085","3,1196","3,1323","3,1085","-0,34%"
"14.09.2017","3,1190","3,1360","3,1510","3,1127","-0,52%"
"13.09.2017","3,1353","3,1248","3,1445","3,1222","0,32%"
"12.09.2017","3,1252","3,1031","3,1387","3,1029","0,72%"
"11.09.2017","3,1029","3,0903","3,1082","3,0791","0,52%"
"08.09.2017","3,0867","3,0852","3,0995","3,0819","-0,41%"
"07.09.2017","3,0993","3,1002","3,1002","3,0993","-0,04%"
"06.09.2017","3,1004","3,1168","3,1210","3,0987","-0,55%"
"05.09.2017","3,1174","3,1416","3,1427","3,1122","-0,77%"
"04.09.2017","3,1417","3,1404","3,1450","3,1327","0,00%"
"01.09.2017","3,1416","3,1477","3,1488","3,1223","-0,20%"
"31.08.2017","3,1479","3,1597","3,1702","3,1372","-0,39%"
"30.08.2017","3,1603","3,1656","3,1766","3,1559","-0,15%"
"29.08.2017","3,1652","3,1677","3,1766","3,1582","-0,06%"
"28.08.2017","3,1670","3,1592","3,1675","3,1483","0,21%"
"25.08.2017","3,1603","3,1484","3,1629","3,1357","0,39%"
"24.08.2017","3,1481","3,1414","3,1509","3,1330","0,21%"
"23.08.2017","3,1414","3,1618","3,1705","3,1340","-0,62%"
"22.08.2017","3,1611","3,1649","3,1910","3,1466","-0,11%"
"21.08.2017","3,1645","3,1488","3,1723","3,1361","0,57%"
"18.08.2017","3,1465","3,1751","3,1761","3,1404","-0,90%"
"17.08.2017","3,1751","3,1534","3,1824","3,1524","0,72%"
"16.08.2017","3,1524","3,1693","3,1782","3,1454","-0,54%"
"15.08.2017","3,1695","3,1892","3,2060","3,1657","-0,61%"
"14.08.2017","3,1890","3,1764","3,2059","3,1734","-0,15%"
"11.08.2017","3,1938","3,1755","3,2210","3,1547","0,57%"
"10.08.2017","3,1757","3,1557","3,1787","3,1466","0,63%"
"09.08.2017","3,1559","3,1271","3,1587","3,1263","0,93%"
"08.08.2017","3,1269","3,1265","3,1383","3,1189","0,01%"
"07.08.2017","3,1265","3,1311","3,1345","3,1204","-0,15%"
"04.08.2017","3,1313","3,1126","3,1338","3,1079","0,60%"
"03.08.2017","3,1126","3,1134","3,1271","3,1096","-0,04%"
"02.08.2017","3,1137","3,1261","3,1382","3,1126","-0,41%"
"01.08.2017","3,1265","3,1277","3,1315","3,1079","0,00%"
"31.07.2017","3,1264","3,1325","3,1442","3,1138","-0,18%"
"28.07.2017","3,1319","3,1525","3,1600","3,1283","-0,67%"
"27.07.2017","3,1530","3,1382","3,1600","3,1382","0,46%"
"26.07.2017","3,1387","3,1728","3,1772","3,1349","-1,07%"
"25.07.2017","3,1726","3,1471","3,1736","3,1364","0,81%"
"24.07.2017","3,1470","3,1405","3,1538","3,1341","0,17%"
"21.07.2017","3,1418","3,1202","3,1454","3,1099","0,67%"
"20.07.2017","3,1208","3,1494","3,1557","3,1183","-0,90%"
"19.07.2017","3,1490","3,1559","3,1639","3,1444","-0,17%"
"18.07.2017","3,1545","3,1835","3,1837","3,1536","-0,90%"
"17.07.2017","3,1833","3,1809","3,1878","3,1761","0,11%"
"14.07.2017","3,1799","3,2125","3,2125","3,1782","-1,05%"
"13.07.2017","3,2138","3,2081","3,2218","3,2024","0,18%"
"12.07.2017","3,2079","3,2548","3,2553","3,2050","-1,44%"
"11.07.2017","3,2548","3,2558","3,2697","3,2462","-0,03%"
"10.07.2017","3,2557","3,2805","3,2818","3,2551","-0,78%"
"07.07.2017","3,2813","3,2996","3,3068","3,2679","-0,45%"
"06.07.2017","3,2962","3,2886","3,3211","3,2883","0,22%"
"05.07.2017","3,2889","3,3089","3,3314","3,2889","-0,62%"
"04.07.2017","3,3093","3,3018","3,3108","3,2982","0,24%"
"03.07.2017","3,3015","3,3196","3,3246","3,2938","-0,17%"
"30.06.2017","3,3072","3,3049","3,3165","3,2866","0,09%"
"29.06.2017","3,3043","3,2807","3,3150","3,2708","0,73%"
"28.06.2017","3,2805","3,3133","3,3152","3,2788","-1,00%"
"27.06.2017","3,3135","3,2974","3,3347","3,2968","0,52%"
"26.06.2017","3,2963","3,3445","3,3445","3,2950","-1,40%"
"23.06.2017","3,3430","3,3413","3,3443","3,3257","0,01%"
"22.06.2017","3,3425","3,3357","3,3495","3,3226","0,19%"
"21.06.2017","3,3363","3,3258","3,3373","3,3140","0,28%"
"20.06.2017","3,3270","3,2824","3,3439","3,2824","1,35%"
"19.06.2017","3,2828","3,2902","3,3146","3,2801","-0,32%"
"16.06.2017","3,2933","3,2898","3,2973","3,2786","0,56%"
"15.06.2017","3,2750","3,2743","3,2752","3,2743","0,02%"
"14.06.2017","3,2742","3,3150","3,3165","3,2635","-1,24%"
"13.06.2017","3,3154","3,3184","3,3342","3,2974","-0,08%"
"12.06.2017","3,3181","3,2961","3,3266","3,2747","0,64%"
"09.06.2017","3,2971","3,2620","3,2986","3,2561","1,09%"
"08.06.2017","3,2617","3,2699","3,2895","3,2617","-0,24%"
"07.06.2017","3,2695","3,2783","3,2869","3,2652","-0,25%"
"06.06.2017","3,2778","3,2973","3,3020","3,2725","-0,58%"
"05.06.2017","3,2969","3,2462","3,2974","3,2462","1,50%"
"02.06.2017","3,2483","3,2511","3,2597","3,2207","-0,07%"
"01.06.2017","3,2506","3,2273","3,2553","3,2151","0,74%"
"31.05.2017","3,2266","3,2576","3,2603","3,2245","-0,95%"
"30.05.2017","3,2577","3,2569","3,2722","3,2544","0,03%"
"29.05.2017","3,2567","3,2666","3,2771","3,2567","-0,10%"
"26.05.2017","3,2601","3,2742","3,2761","3,2516","-0,41%"
"25.05.2017","3,2736","3,2759","3,2992","3,2618","-0,15%"
"24.05.2017","3,2784","3,2702","3,2885","3,2477","0,24%"
"23.05.2017","3,2705","3,2666","3,2894","3,2543","0,15%"
"22.05.2017","3,2656","3,2532","3,3190","3,2519","0,39%"
"19.05.2017","3,2529","3,3662","3,3718","3,2414","-3,50%"
"18.05.2017","3,3710","3,1408","3,4136","3,1389","7,43%"
"17.05.2017","3,1380","3,0953","3,1408","3,0951","1,34%"
"16.05.2017","3,0964","3,1107","3,1109","3,0873","-0,48%"
"15.05.2017","3,1113","3,1229","3,1258","3,0960","-0,34%"
"12.05.2017","3,1218","3,1380","3,1511","3,1164","-0,59%"
"11.05.2017","3,1403","3,1676","3,1685","3,1370","-0,87%"
"10.05.2017","3,1678","3,1908","3,1916","3,1523","-0,70%"
"09.05.2017","3,1902","3,1995","3,1997","3,1780","-0,24%"
"08.05.2017","3,1980","3,1753","3,2077","3,1753","0,65%"
"05.05.2017","3,1774","3,1902","3,1960","3,1682","-0,35%"
"04.05.2017","3,1885","3,1663","3,1956","3,1614","0,74%"
"03.05.2017","3,1652","3,1515","3,1679","3,1408","0,43%"
"02.05.2017","3,1517","3,1757","3,1959","3,1460","-0,78%"
"01.05.2017","3,1765","3,1772","3,1772","3,1765","-0,00%"
"28.04.2017","3,1766","3,1837","3,2149","3,1698","-0,22%"
"27.04.2017","3,1835","3,1721","3,1888","3,1545","0,35%"
"26.04.2017","3,1723","3,1476","3,2085","3,1434","0,80%"
"25.04.2017","3,1471","3,1283","3,1712","3,1275","0,61%"
"24.04.2017","3,1280","3,1506","3,1506","3,1182","-0,64%"
"21.04.2017","3,1482","3,1479","3,1488","3,1479","-0,01%"
"20.04.2017","3,1486","3,1507","3,1705","3,1324","-0,11%"
"19.04.2017","3,1522","3,1075","3,1545","3,1075","1,42%"
"18.04.2017","3,1080","3,0983","3,1239","3,0878","0,31%"
"17.04.2017","3,0985","3,1446","3,1476","3,0930","-1,47%"
"14.04.2017","3,1448","3,1435","3,1452","3,1431","0,01%"
"13.04.2017","3,1444","3,1258","3,1498","3,1145","0,60%"
"12.04.2017","3,1258","3,1383","3,1599","3,1197","-0,36%"
"11.04.2017","3,1372","3,1324","3,1561","3,1256","0,17%"
"10.04.2017","3,1320","3,1466","3,1509","3,1302","-0,45%"
"07.04.2017","3,1462","3,1429","3,1593","3,1183","0,11%"
"06.04.2017","3,1427","3,1195","3,1517","3,1063","0,72%"
"05.04.2017","3,1203","3,0938","3,1261","3,0808","0,85%"
"04.04.2017","3,0939","3,1151","3,1420","3,0924","-0,67%"
"03.04.2017","3,1147","3,1236","3,1355","3,1099","-0,28%"
"31.03.2017","3,1233","3,1481","3,1785","3,1214","-0,84%"
"30.03.2017","3,1496","3,1200","3,1532","3,1178","0,95%"
"29.03.2017","3,1199","3,1414","3,1421","3,1122","-0,68%"
"28.03.2017","3,1412","3,1269","3,1460","3,1233","0,47%"
"27.03.2017","3,1265","3,1084","3,1404","3,1079","0,58%"
"24.03.2017","3,1086","3,1404","3,1515","3,1048","-0,98%"
"23.03.2017","3,1395","3,0873","3,1456","3,0873","1,67%"
"22.03.2017","3,0880","3,0888","3,1102","3,0808","-0,01%"
"21.03.2017","3,0884","3,0724","3,0951","3,0600","0,51%"
"20.03.2017","3,0726","3,0920","3,1160","3,0673","-0,62%"
"17.03.2017","3,0918","3,1191","3,1282","3,0875","-0,86%"
"16.03.2017","3,1185","3,1031","3,1233","3,0925","0,48%"
"15.03.2017","3,1037","3,1680","3,1778","3,0972","-2,05%"
"14.03.2017","3,1685","3,1521","3,1824","3,1501","0,49%"
"13.03.2017","3,1530","3,1387","3,1606","3,1292","0,43%"
"10.03.2017","3,1395","3,1942","3,1966","3,1392","-1,68%"
"09.03.2017","3,1932","3,1627","3,1984","3,1599","0,95%"
"08.03.2017","3,1631","3,1200","3,1812","3,1197","1,40%"
"07.03.2017","3,1195","3,1391","3,1412","3,1119","-0,61%"
"06.03.2017","3,1386","3,1146","3,1394","3,1000","0,73%"
"03.03.2017","3,1158","3,1573","3,1633","3,1120","-1,29%"
"02.03.2017","3,1565","3,0895","3,1590","3,0895","2,15%"
"01.03.2017","3,0900","3,1095","3,1238","3,0900","-0,61%"
"28.02.2017","3,1091","3,1090","3,1091","3,1090","0,00%"
"27.02.2017","3,1090","3,1105","3,1105","3,1085","-0,06%"
"24.02.2017","3,1110","3,0622","3,1195","3,0600","1,68%"
"23.02.2017","3,0595","3,0635","3,0796","3,0519","-0,15%"
"22.02.2017","3,0640","3,0960","3,0989","3,0604","-1,00%"
"21.02.2017","3,0951","3,0862","3,1083","3,0848","0,26%"
"20.02.2017","3,0870","3,1019","3,1074","3,0826","-0,57%"
"17.02.2017","3,1048","3,0871","3,1099","3,0796","0,50%"
"16.02.2017","3,0892","3,0568","3,0905","3,0387","1,04%"
"15.02.2017","3,0575","3,0850","3,0969","3,0545","-0,89%"
"14.02.2017","3,0850","3,1120","3,1283","3,0825","-0,85%"
"13.02.2017","3,1115","3,1141","3,1240","3,1075","-0,13%"
"10.02.2017","3,1157","3,1311","3,1313","3,1061","-0,46%"
"09.02.2017","3,1301","3,1172","3,1334","3,1134","0,40%"
"08.02.2017","3,1175","3,1205","3,1300","3,1125","-0,10%"
"07.02.2017","3,1205","3,1155","3,1369","3,1155","0,14%"
"06.02.2017","3,1160","3,1185","3,1276","3,1050","-0,05%"
"03.02.2017","3,1176","3,1237","3,1389","3,1042","-0,20%"
"02.02.2017","3,1240","3,1290","3,1304","3,1075","-0,18%"
"01.02.2017","3,1295","3,1520","3,1638","3,1275","-0,68%"
"31.01.2017","3,1509","3,1258","3,1566","3,1012","0,76%"
"30.01.2017","3,1270","3,1403","3,1543","3,1138","-0,45%"
"27.01.2017","3,1410","3,1785","3,1827","3,1398","-1,16%"
"26.01.2017","3,1780","3,1702","3,1949","3,1612","0,25%"
"25.01.2017","3,1702","3,1702","3,1702","3,1702","0,00%"
"24.01.2017","3,1702","3,1605","3,1754","3,1583","0,22%"
"23.01.2017","3,1633","3,1690","3,1837","3,1534","-0,18%"
"20.01.2017","3,1690","3,2002","3,2046","3,1689","-0,86%"
"19.01.2017","3,1965","3,2310","3,2350","3,1932","-1,06%"
"18.01.2017","3,2309","3,2151","3,2319","3,2132","0,60%"
"17.01.2017","3,2115","3,2417","3,2417","3,1957","-0,93%"
"16.01.2017","3,2418","3,2234","3,2443","3,2165","0,64%"
"13.01.2017","3,2213","3,1887","3,2242","3,1798","1,04%"
"12.01.2017","3,1881","3,1968","3,1993","3,1522","-0,29%"
"11.01.2017","3,1975","3,1960","3,2313","3,1775","0,04%"
"10.01.2017","3,1961","3,1959","3,2020","3,1808","-0,03%"
"09.01.2017","3,1969","3,2244","3,2317","3,1894","-0,84%"
"06.01.2017","3,2241","3,1972","3,2241","3,1871","0,78%"
"05.01.2017","3,1991","3,2163","3,2294","3,1928","-0,53%"
"04.01.2017","3,2163","3,2517","3,2517","3,2100","-1,50%"
"03.01.2017","3,2652","3,2824","3,2929","3,2466","-0,62%"
"02.01.2017","3,2857","3,2538","3,2887","3,2516","0,95%"