"code","Latitude","Longitude","Altitude","Janeiro","Fevereiro","Mar√ßo","Abril","Maio","Junho","Julho","Agosto","Setembro","Outubro","Novembro","Dezembro"
82704,-7.6,-72.66666666,170,247,258.3,292.6,232.8,155.6,89.7,59.1,76.4,113.2,191,222.2,229.5
82915,-9.95,-67.86666666,160,294.4,298.4,278.1,207.4,87.7,32.8,31.9,56.5,84.8,153,206.7,265.9
82807,-8.16666666,-70.76666666,190,281.7,257.6,326.8,200.9,135.9,60.9,48.7,62.5,112,193.1,262.3,270.5
82989,-9.28333333,-37.9,605.34,39.7,57,108.5,85,147.9,178.4,164.9,99.8,41.5,29.5,28.4,42
82994,-9.66666666,-35.7,64.5,83,72.9,117.4,207.5,296.9,353.8,265.2,201.5,120.2,61.6,46.9,40.5
82992,-9.45,-36.7,274.9,38.5,42.9,68.2,99,131,167.7,134.2,86.6,41.8,19,15.9,33.4
82990,-9.75,-37.43333333,19.1,56.5,36.7,50.9,59.8,86.5,90,81.5,56.1,24.6,19.3,12,12.8
82996,-9.18333333,-35.43333333,50.02,68.2,90.9,201.1,211.6,227.6,305.7,240.4,166.2,91.9,43.2,32.5,39.6
82113,-0.96666666,-60.91666666,40,175.2,185.9,262.7,326.7,312.5,259.5,188.4,136.9,109.9,102.6,139.9,162.4
82410,-4.38333333,-70.03333333,65,331.9,283.6,299.3,261.6,208.3,145.6,107.8,105.9,136,210.8,247.1,252.9
82425,-4.08333333,-63.13333333,46,264.5,265.5,322.3,272.4,213.1,128.9,87.2,68.9,100.4,156.7,215.6,261.7
82326,-3.8411111,-62.05527777,32,332.5,356.4,422.9,402.4,297.4,158.1,108.4,91.7,136.5,186,231.8,346.3
82610,-6.66666666,-69.86666666,104,281.7,273.1,267.9,264.4,154.6,87.8,59.3,78,137.1,189.6,233.7,278
82212,-2.53333333,-66.16666666,55.57,237.9,207.9,257.3,278,271.2,215.4,179.4,134.7,146.1,188,176.6,216.6
82067,0.61,-69.18333333,120,233.3,234.5,279.1,328.5,378.7,341.1,313.2,243.9,220.9,240.6,215.7,233.2
82336,-3.13333333,-58.43333333,40,327.2,286,371.2,301.6,255.5,152.1,100.6,74.9,84.3,97,147.1,214.9
82723,-7.25,-64.83333333,61,314.1,315.2,357.7,273.7,147.8,46.1,32.4,72.7,112.5,198.8,243.2,291.2
82331,-3.10333333,-60.01638888,61.25,287,295.1,300,319,246.9,118.3,75.4,64.3,76.3,104.1,169.2,245.6
82533,-5.81666666,-61.3,50,319.7,347.9,327.3,315.9,210.3,101,48.6,60.5,104.9,199.6,220.5,266.7
82240,-2.63333333,-56.73333333,29,292.7,335.6,363.6,346,281.1,186.4,149.9,73.8,63.1,76.7,116.3,189.7
82106,-0.12499999,-67.06111111,90,295.7,239,246.9,264.5,346.5,294.1,253.2,209.8,181.6,195.5,204.2,273
82317,-3.83333333,-64.7,47,274.2,247.1,306.5,297.1,254.3,158.2,120.5,96.4,132.9,160.3,181,217.2
82098,-0.05,-51.11666666,14.46,294.7,343.3,394.2,384,319.5,244.7,190.8,92.4,28,34.8,69.8,153.5
82095,0.7,-51.45,83.93,288.3,NA,307.7,347,326,221.1,176.7,124.7,63.4,84.9,91.2,125.5
82092,0.9,-52.01666666,163,238.4,311.2,304.6,273,282.5,206,168.1,135.1,81.6,78.6,96.4,167.3
83249,-12.14833333,-38.42555556,130.92,59.8,65.4,75.6,124.6,153.7,152,109.3,93.2,66.7,48.6,61.2,63.2
83179,-11.08333333,-43.16666666,401.58,97.9,100.4,125.5,77.9,15.3,2,0.2,0.6,8.5,33.5,93.5,115.1
83236,-12.15555555,-45.00777777,439.29,164.6,126.8,154.9,74.5,23.7,3.6,1,1.3,10.4,65.6,173.3,203.7
83288,-13.25138888,-43.40527777,439.96,118.5,100.3,111.7,52.5,10.1,1.9,0.6,2.6,15.8,54.7,121,207.8
83339,-14.06666666,-42.48333333,882.47,98.4,69,120.7,45.8,12.5,10.1,10.4,4.9,17.6,61.9,153.6,164.6
83226,-12.66666666,-38.31666666,47.77,87,101.7,143.7,226.9,244.4,232.8,184.9,139.7,103,85.8,111.8,74.9
83398,-15.66666666,-38.95,3.87,95.2,118.4,180.2,195.5,145.1,135.5,140,91.2,77.4,124.8,143.2,145.3
83498,-17.73916666,-39.25833333,2.88,83.8,66.7,147.5,161.8,134.9,85.1,105.6,58.3,90.2,102.7,220.7,148
83408,-14.28333333,-43.76666666,450.18,101.8,105.2,119.5,42.2,5,2.1,0.4,0.2,9.5,35.3,145.3,191.1
83192,-11.08333333,-38.51666666,145.31,35.9,43.5,64.3,54.7,57.8,62.2,52.8,36,27.4,24.8,56,39
83286,-13.33222221,-44.61722221,549.57,130,104.4,145.5,62,9,0.5,0.3,2.3,10.2,74.2,164.7,220.8
83222,-12.66666666,-39.08333333,225.87,63,70.2,97.5,136.5,122.8,142.6,122.8,91.3,79.6,54.8,76.8,59.5
83221,-12.1961111,-38.96722221,231.68,68.8,79.1,40.8,66.8,84.7,94.9,72.1,56.5,41.6,31.6,67.4,50
83446,-16.73333333,-39.55,194.67,98.4,85.9,140.2,101.6,57.3,48.5,58.8,44.2,51.2,83.3,171.5,155.6
83182,-11.3,-41.86666666,747.16,91.8,81.2,112.5,45.7,16.2,1.2,1.1,0.8,4.1,34.3,99.2,120.9
83244,-12.51666666,-40.28333333,249.89,68.3,61.7,95.7,58.7,32.4,36.1,33.3,20.3,18.4,38.5,74.3,80.2
83295,-13.52805554,-40.11972221,755.61,67.4,76,97.5,64.1,52.5,64.3,62.1,47.3,44.3,47.1,103.1,90.5
83292,-13.81277777,-41.3,531.43,76,74.7,91.9,54.4,18.6,14.7,8.8,6.3,17.3,42.1,93,120.1
83186,-11.17277777,-40.53416666,484.74,104.5,67.9,136.8,82.1,45.9,42.2,36.7,33.6,21.8,30.2,83.8,101.1
83242,-12.5575,-41.38888888,438.74,116,96.4,182.7,124.9,59.8,50.7,36.9,35.4,28.5,72.5,132.3,132.6
83090,-10.44249999,-39.3311111,464.6,55.5,57.6,68,63,52.6,62.7,51,34.8,18.9,25.2,49.8,64
83184,-11.21666666,-41.21666666,1003.27,71.1,65.1,102,63.1,29.6,33.3,29.5,23.6,18.1,38.4,97.2,83.5
82986,-9.36666666,-38.21666666,252.69,49.2,38.3,76.8,75.3,54.2,62.6,49.3,29,11.7,17.1,19.5,30
82979,-9.63333333,-42.1,400.51,125,110.6,125.3,60.8,9,2.2,0.7,1.2,2.3,21.3,74,89
83229,-13.00527777,-38.50583333,51.41,82.5,107.2,156.8,295.7,279.8,245.6,208.6,133.5,101.6,95.2,106.5,58.1
83088,-10.46666666,-40.18333333,558.24,75.5,65.6,96.2,80.6,73.4,79.7,63.3,40.3,21.1,28.7,65.1,62.8
83190,-11.63333333,-38.96666666,359.63,71,56.2,83.1,69.6,71.3,95.2,67.6,54.4,38.6,38.2,63.4,65.7
83076,-11.01666666,-44.51666666,450.3,141.8,128.7,169.1,77.5,24.2,1.4,0,2.6,9.4,78.3,169.4,174
83344,-14.88333333,-40.8,874.81,98.7,76.7,114,57.4,24,20.8,24.8,19.9,20.8,45.9,129.5,125.6
82294,-2.88333333,-40.13333333,16.5,113.5,173.1,321.1,308.9,142.3,64.6,25.1,5.3,2.3,2.1,2.5,14.5
82784,-7.31666666,-39.3,409.03,190.9,202.1,231.7,188.5,64.6,12.1,20.6,2.9,2.9,15.1,29.5,99
82777,-7,-40.38333333,583.5,99,111.7,137.6,109.4,35,4.8,5.4,0.9,2.1,10.3,19.8,63.1
82583,-5.16666666,-40.66666666,296.82,117.4,122.5,183.6,178.7,67.1,13.1,6.8,7.1,0.7,6.5,11.1,23.8
82397,-3.76666666,-38.55,26.45,134.6,186.9,349.4,412.8,255.1,153.7,70.1,24.9,17.8,11,9.1,43.5
82487,-4.28333333,-39,870.67,176.1,160.3,289.6,317.1,240.8,199.5,92.3,44.7,23.8,26.1,33.5,64.2
82686,-6.36666666,-39.3,217.67,133.8,167.3,221.2,196.8,102.7,27.6,12.6,14.4,12.3,19,7.9,67.5
82493,-4.78333333,-37.76666666,11.71,62.9,92,192.1,186.8,107.3,43.6,17.3,7.1,2.6,2.2,0.8,9.4
82588,-5.11666666,-38.36666666,43.62,83.6,99.6,168.5,177.8,104.8,66.1,22.3,10,1.5,3,1.7,27
82586,-5.16666666,-39.28333333,79.5,87.7,77.8,146.2,173.1,105.2,55.3,23.4,16.3,2.3,1.3,3.3,20.9
82392,-3.73333333,-40.33333333,109.62,139.5,153,229.9,217,104.6,33.7,17.7,5.1,0.8,0.8,4.7,24.9
82683,-6,-40.41666666,398.77,109.8,94.3,142,126.9,50.4,16.5,9.8,6,1.8,5.9,5.7,30.7
83377,-15.78972221,-47.92583332,1159.54,209.4,183,211.8,133.4,29.7,4.9,6.3,24.1,46.6,159.8,226.9,241.5
83373,-15.93333333,-47.88333333,1100.57,210.4,190.2,228.5,116,28.3,4.8,0.5,13.1,41.3,122.8,217.5,243.6
83038,-19.81666666,-40.25,65.4,167.2,76.3,163.7,104.4,58.4,38.9,58.7,51.7,79.1,111.3,246.3,219.9
83557,-18.53694444,-40.27222221,100,133.4,76.5,146.1,93.7,39.5,37,40,25.6,41.5,73.2,211,190.9
83597,-19.41666666,-40.06666666,28.6,156.2,103.9,147.1,106.1,57.7,43.4,49.4,34.5,63.8,95.3,221.1,188.7
83596,-19.40708333,-40.53969444,85,164.1,102.9,154.7,76.4,37.9,28.4,29.7,22.6,36,96.7,178.8,201.2
83647,-19.93305554,-40.58305554,648,227.8,95.5,172.6,93,42.8,37.3,42.5,42.7,69,114.3,222.7,226.6
83550,-18.7,-39.85,25.04,134.7,91,159.1,122.8,65.5,53.1,63.9,43.7,86.9,115.1,236.1,181.8
83045,-20.38333333,-41.18333333,710,224.8,103.6,203.4,118.1,52.8,31.2,32.6,35.7,60,111.3,205.5,277.6
83648,-20.31666666,-40.31666666,36.2,138.7,79.4,135.3,115.7,73.7,56.3,59.7,49.6,67.9,122.7,219.9,199.7
83368,-15.9,-52.23333333,345,308.5,216.3,218.8,79.2,21.9,9.4,7.1,14,45.2,121.5,193.6,268.5
83526,-18.18333333,-47.95,840.47,282.9,196.2,224.6,70.2,34.8,8.1,5.3,15.4,41,115.7,178,277.4
83379,-15.54916667,-47.33861111,935.19,235.6,200.4,211.7,93.9,20.6,4.2,3.2,11.8,35.3,123.7,201.9,277.9
83350,-15.21666666,-49,650.91,274.3,217.9,209.3,91.4,16.4,7,2.8,7.8,42.2,128.8,223.3,297.7
83423,-16.66666666,-49.25,741.48,247.8,222.9,258.2,130.3,28.7,9.7,3.3,16.2,52.8,154.8,218.4,290.4
83374,-15.91666666,-50.13333333,512.22,345,268.3,252.4,115,28.9,10.6,4.6,11.8,45.8,147.4,238,341
83522,-17.71666666,-48.16666666,772.99,286.3,204.1,206.6,79.4,34,7.9,5.6,13.9,53.2,112.3,193.9,296
83523,-18.41666666,-49.21666666,449,267.8,201.1,179.1,71.9,30.4,12.7,4.6,7.2,50.3,84.8,193.1,255.3
83464,-17.91666666,-51.71666666,662.86,267.3,233,273.1,112.2,49.3,19.7,8.2,24.7,62.2,133.5,188.3,277.4
83376,-15.85,-48.96666666,740,285.9,248.6,233.7,146.9,28.4,9,5.7,14.5,49.2,150.8,242.9,310.3
83332,-14.1,-46.36666666,825.64,210.1,218.3,236.6,110.1,25.5,1.6,1.5,7.7,22.6,116.1,211,278.4
83470,-17.8,-50.91666666,774.62,258.6,211.4,267.1,102.3,37.7,14.7,9.9,13.9,49.5,136.2,239,272.6
82970,-9.1,-45.93333333,285.05,235.4,197.6,256.3,144.6,35.6,2,1.2,4.8,20.7,89.3,156.4,215.5
82460,-4.21666666,-44.76666666,25.07,263.8,263.8,390.4,358.4,195,54.6,17.9,14.6,10.6,35.4,67.8,135.3
82768,-7.53333333,-46.03333333,259.38,195.9,178.9,206,134.8,46,4,2.3,4.2,27.6,98,133.1,201.7
82571,-5.5,-45.23333333,153,179.8,199,236.8,187.5,69,16.2,6.9,12.3,17.4,37.8,75.7,138.7
82765,-7.33722221,-47.46,192.83,268,271.7,296.4,203.5,91,10.1,6.9,8.9,41.4,136.4,151.6,241.9
82476,-4.86666666,-43.35,103.56,215.9,242.1,353,298.2,143.3,32.2,16.3,14.9,9.5,25.7,39.3,127.5
82382,-3.75,-43.35,103.5,215.5,276,368.2,344.5,213.6,72.2,32.4,10.3,5.5,15.1,27.3,93.9
82676,-6.03333333,-44.25,179.75,195.5,190.3,280.3,205.7,69.9,15.2,6.6,6.9,28.3,69.1,100.2,147
82568,-5.81666666,-46.46666666,163.07,184.7,213.9,243.5,171.5,41.8,17,2.2,7.3,37.5,53.5,100.8,133.9
82564,-5.53333333,-47.48333333,123.3,253,220.7,295.8,206.5,91.9,14.7,6.5,9.1,39,70.8,117.8,190.5
82280,-2.53333333,-44.21666666,50.86,226.4,321.4,462.1,457.6,302,183.4,122.9,30,6.4,4.7,10.5,72.5
82198,-1.66666667,-45.36666667,44.06,208.5,307.3,458,418.2,301,215.4,155.7,49,15.4,8.9,7.1,53
82376,-3.26666667,-45.65,45.28,254.7,296.1,359,346.2,218.2,91.6,47.1,22.5,20.9,31.9,47.9,118
83595,-19.49444444,-41.07749999,82.74,145.6,67.4,116.2,52.1,34,13.8,9.9,18.7,29.3,71.9,177.5,188.5
83442,-16.83333333,-42.05,289,109.3,78.9,110.2,30.7,15.6,3.5,4.6,6.6,13.9,58,154.3,170.2
83579,-19.60555555,-46.94944444,1023.61,304.3,215.3,192.1,78,49.1,11.4,9.6,17.6,67.7,123.6,193.1,292.4
83384,-15.91527777,-46.10666666,519,186.6,142.3,170.6,65.8,15.1,2.9,5.1,10.5,16.5,69.5,215,280.7
83582,-20.0311111,-46.00888888,661.27,296.8,195.3,155.4,71.1,42.3,14.9,11.2,18.1,62.4,113.7,177.5,306.8
83689,-21.23972221,-43.78138888,1126,290.6,156,178.2,65,38.8,17.7,11.9,18.5,76.1,126.7,208.8,269.7
83587,-19.93416666,-43.95222222,915,329.1,181.4,198,74.7,28.1,9.7,7.9,14.8,55.5,104.7,239.8,358.9
83533,-19.71916666,-45.36777777,695,280.1,170.1,142.3,48.7,36.5,8.9,7.6,13.2,52,115.3,196.1,314
83383,-15.61666666,-46.41666666,600,198.6,129.3,177,58.2,22,4.6,1.1,7.5,26.3,83.6,230.7,243.8
83589,-19.02055554,-43.43388888,652,259.6,128.5,182.3,75.9,24.2,10.2,8.7,10.4,30.1,85.3,236.9,331.8
83681,-21.91666666,-46.38333333,1150,295.3,224.6,187.1,77.9,67,23.8,19.9,29.4,78.9,136.3,174.6,287.3
83639,-20.51666667,-41.9,843.18,248.7,131.3,165.8,65.2,29.6,14.8,12.1,25.3,39.3,100.5,208.6,281.5
83514,-18.72638889,-49.5625,620.6,287.6,224.7,183.8,72.6,38.1,18.3,6.3,13.8,47.9,122.2,168.1,251.3
83592,-19.73583333,-42.13694444,609.65,220.8,96.7,143.8,70.6,25.6,12.5,6.5,15.5,41.6,80.4,209.1,278.6
83485,-17.53333333,-43,736.38,162.5,99.4,139.4,44.3,11.8,3.8,5,5.6,19.3,90.2,193.8,245.9
83686,-21.96666666,-44.93333333,958.51,324.3,211.4,196.4,72.3,63.4,30,13.3,15.7,83.5,121.3,209.3,333.4
83613,-19.5,-42.63333333,210,239.8,137.1,162.5,66.6,40.6,15.2,7.4,18.1,48.7,108,258.1,312.8
83037,-21.56666666,-43.25,435,355.1,195.1,220.6,79.4,42.2,19.5,12.6,17.6,72.3,103.7,206.1,296.4
83536,-18.7475,-44.45472222,672,208.8,116.3,154.6,43.1,18.7,6.6,6.2,11.7,19,67.8,191,250.2
83538,-18.23888888,-43.61694443,1296.12,236.7,142.7,185,76.6,22.9,6.3,4.7,13.2,33.1,118.5,232.7,302.9
83635,-20.17305554,-44.87444443,788.35,300.2,167.3,157,51.2,27.3,13.6,7.9,17.3,52,109.7,208.4,296.2
83438,-17.1,-43.8,633,214.6,76.2,117.3,43.7,5.9,7.3,9.6,2.9,23.9,57.6,176.8,206.5
83338,-14.91222222,-42.80833333,569.64,129.4,80,109.4,40.5,9.3,1.2,1.3,1.8,10.4,48.5,135.1,172.7
83657,-21.31666666,-46.36666666,823,254.5,236.5,204.4,74.7,77.5,28.2,22.6,18.4,69.1,130,143,246.2
83581,-19.88527777,-44.41722221,753,275.5,154.4,185.1,58.5,25.3,12,7.4,12.1,44.5,90.6,208.1,319.9
83334,-14.94944444,-46.23583333,848,182.8,166.7,198,94.6,18.3,3.5,0.9,4.6,22.4,88.9,205.8,239.2
83574,-20.03499999,-48.93027777,543.67,325.1,209.8,209.8,78.7,38.6,20,9.4,16.3,65.4,110,157.8,232.6
83543,-18.85,-41.93333333,148,173,83.5,113,48.8,23.1,13.6,8,13.6,33.9,69.8,170.4,234.9
83632,-20.01611111,-44.08444444,814.54,286,165.4,175.3,67.6,29.9,11.7,5.7,13.2,53.3,121.5,205.3,349.9
83488,-17.85972222,-42.85277777,914,185.9,104.3,135.7,46.9,12.9,4.1,5.8,8,24.3,98.7,222.5,227
83521,-18.95277777,-49.52499999,560,305.4,193.5,191.9,83.9,37,16.8,6.5,14,49,127.3,161.5,235.4
83395,-15.8025,-43.29694444,516,155.2,75.7,113.5,33.8,6.6,1.5,0.6,3.1,8.1,47.6,164.5,170.5
83386,-15.45,-44,473.71,151.3,115.5,147.1,45.2,7.1,2.8,1.1,1.8,9.3,61.1,186.1,219.9
83591,-19.82388888,-43.1436111,859.84,232.8,125.9,193.1,68.5,29.2,14.1,6.3,13.7,43,97.8,250.2,326.7
83481,-17.73999999,-46.17666666,760.36,261.6,170.6,203.8,63.2,27.9,3.4,6.3,11,28.1,90.2,217.7,276.9
83692,-21.76666666,-43.35,939.96,322.1,174.7,221.1,78.6,44.2,20.6,14.1,18.5,69.9,132.1,212.1,316
83452,-16.77499999,-43.66694443,648,156,105.1,122.1,44.5,10.1,5.2,0.7,1.6,15.9,73.5,195.8,213.1
83032,-21.94416666,-45.31805554,878.45,319.2,205,196.2,89.6,60.4,31.7,25.1,19.2,95.2,121.3,189.3,302.1
83687,-21.75,-45,918.84,272.9,209.5,168.3,57.2,45.7,20.3,11.1,12.9,70.8,114.7,187.7,290.7
83683,-21.68138888,-45.94055555,873.35,309.1,218.1,199.6,76.3,64.1,18.8,21.9,16.5,83.6,117.1,173.8,257
83015,-22.31472222,-45.37305554,1276.33,295.3,196.3,175.2,83.2,76.3,42,32.5,32.4,93.6,139.2,197.7,283.4
83389,-15.08638888,-44.01638888,452,149.5,95,112,54.4,7.9,1.7,0.8,1.3,6.7,58.4,153.7,192.8
83388,-15.16027777,-42.86611111,625,132.5,95.9,117.3,35.2,5.3,1.2,0.4,1.4,13.1,52.8,138.9,178.1
83437,-16.68638888,-43.8436111,652,191.8,108.7,154.1,38.6,8.8,4.4,0.8,2,20.2,83.1,224.4,249.5
83694,-21.13333333,-42.33333333,270.8,262.5,156.3,198.5,106.1,50.4,17.1,14.8,25.7,92.7,122.1,243.8,269.6
83637,-20.68333333,-44.81666666,966.5,279.2,103,164.9,55.3,37.5,15.4,9.4,14,52.6,124.2,182.3,257.2
83479,-17.24416666,-46.88166666,712,276.9,196,208.3,78.1,20.5,7.3,4.2,14,32.5,105.7,203.1,346.3
83737,-22.38277777,-44.96666666,920,299.7,194.1,163.1,65.5,60.2,35.1,29.9,17.2,83.4,151.8,173.4,284.9
83531,-18.51972221,-46.43944444,940.28,287,187.2,209.8,62.5,32.1,10.6,2.9,12.1,43.6,94,210.6,311.8
83393,-16.01,-41.2811111,648.91,113.9,64.2,131.1,61.4,29.7,11.3,11.9,8.4,18,52.3,164.3,187.2
83483,-17.34916666,-44.92166666,505.24,216.2,111.6,139.1,51.1,15,3.7,4.7,6.6,23.2,83.5,218.9,244.5
83570,-19.22916666,-45.00111111,690.91,250.3,156.2,167.8,49.3,27.2,8,7.4,12.7,30.2,63.7,190.2,276.3
83061,-19.83333333,-42.63333333,320,282.4,146.1,126.7,68.9,32.1,8.2,14.2,17.5,35.5,96.2,231.5,274.3
83441,-16.15475,-42.28516667,471.32,136,77.1,136.7,48.4,14.5,3.5,5.1,2.7,18,72.8,176.3,186.1
83688,-21.3,-44.26666666,991,320.4,183.8,192.9,65.1,41,15.1,11.5,22.4,78.3,129.2,195.5,326.8
83736,-22.1,-45.01666667,953.2,323.9,203.3,188.7,73.9,65.1,27.3,27.2,24.1,83.5,121.3,170.6,286.3
83631,-20.91666666,-47.11666666,820,335.5,245.4,203.9,77,65.9,23.7,18,19.8,68.9,148.2,209.8,328.4
83500,-17.78333333,-40.25,202,138.7,68.9,105.5,70.1,38.5,21.9,41.7,21.9,NA,81,166.7,159.9
83586,-19.48527777,-44.17416666,732,260.6,143.3,168.7,51.6,27.8,4.5,6.1,13.1,39.5,87.9,210.4,321.3
83492,-17.85,-41.51666667,356.38,127.8,99.5,153.3,78.8,30.4,18.6,25.9,20.3,34.6,72.9,188.7,213.7
83527,-18.91722221,-48.25555555,868,299,201.8,225.5,83.1,33.9,19.2,7.8,15.3,46.4,116.3,215.1,342.7
83428,-16.36611111,-46.88916666,460,221,184.6,208,90.4,21.8,6.9,3.5,13.3,31,97.1,244.8,289.3
83594,-19.48305554,-42.53305554,298.6,260.5,127.5,159.2,77.2,37.3,9.9,8.2,16.5,31.5,99.5,221.2,311
83642,-20.7625,-42.86416667,712.2,255.3,132.1,165.9,55,29.2,14.5,7.5,13.1,50.7,104.6,207.8,253.3
83611,-20.45,-54.61666666,530.73,225.4,176,149.6,89.4,88.2,47.4,35.7,45.5,77.6,150.6,163.9,206
83552,-19.0211111,-57.67166666,130,155.3,134.3,126.5,65.7,50.3,17.3,23.1,26.9,40.4,86.2,117.5,154.5
83659,-22.23333333,-54.98333333,452,168.1,130.8,145.5,106,92.1,99,40.2,45,113,153.2,143.2,205.7
83704,-22.3,-53.81666666,369.2,205.5,177,121.8,105.9,110.4,65.3,47.5,51,120.3,155.5,165.2,185.2
83513,-18.9886111,-56.62249999,89,172.8,142.1,128.9,68.2,55.8,17.2,10.2,17.5,33.8,100.7,135.9,163.1
83565,-19.75,-51.18333333,331.25,304.6,185.4,196.7,72,48.6,22.2,14.3,15.5,58.4,105.5,141.6,241.4
83702,-22.55222222,-55.71555555,650,230.5,221.6,123.3,132.7,146,75.2,52.3,52.7,134.9,149.3,208.8,172.3
83618,-20.78333333,-51.7,313,241.3,167.1,147.1,78.4,65.7,34.6,17.7,28.5,64.3,111.4,147,191.3
83405,-16.05,-57.68333333,118,252.8,193.7,171.5,89.6,31.9,13.4,16.5,20.8,44.2,96.8,129.2,210.3
83270,-13.47055554,-52.50416666,430,314.3,358.4,243,128.4,4.8,5.8,5.6,1.2,47.1,158.4,232.9,300.4
83361,-15.61972221,-56.10833333,145,247.5,220.4,217.5,117.8,50.4,19.4,16,22.1,51.3,114,172.9,205.2
83309,-14.4,-56.45,286.3,299.5,302.1,271.1,130.8,49.1,14.1,10.4,24.4,73.6,170.2,222.1,263.7
83264,-12.28833333,-55.29388888,415,310.7,337.2,312,116.2,23.5,2.8,6.5,10.9,54.4,183.5,255.7,326.8
83214,-10.25,-54.91666667,285,324.6,308,316.6,164.1,36.1,6.6,4.3,15.4,90.9,179.5,215.4,338.8
83367,-15.53333333,-53.08333333,418,216.8,125.1,130.9,52,19.9,6.1,3.7,24.4,51.8,89.1,159.5,221.3
83319,-14.69777778,-52.35,325,292.3,218.8,193.8,67.8,3.6,4.3,1.1,3.7,32.7,111.7,221.6,266.3
83364,-15.78333333,-56.06666666,140,212.9,156.9,171.6,111.5,34.2,7.1,16.9,21.9,37.6,99.8,126,216.2
83358,-15.83333333,-54.38333333,450,288.3,245.6,275.3,109.7,31.2,8.2,6.2,18.1,66.1,152.8,203.7,280
83410,-16.45,-54.56666666,284,265.2,193.7,146,95.3,36,11.2,NA,6.5,36.7,121,145.1,244.9
83267,-13.43333333,-56.71666666,350,335.2,252,218.6,90.6,28,13.7,4.1,4.9,53,141.1,199.5,281
82353,-3.21666666,-52.21666666,74.04,288.5,319.4,414.6,366.9,228.1,120.6,65.7,27.3,43.6,54.3,93.5,171.8
82191,-1.43333333,-48.43333333,10,384.5,399.5,450.3,424.3,298.4,185.3,153.8,134.8,128.2,129.2,127.4,268.3
82246,-2.63333333,-54.95,175.74,204.3,250.9,321.5,293.3,270.6,132.1,99.3,45.9,27.2,48.8,80.2,111.6
82188,-1.68333333,-50.48333333,14.74,278.3,318.5,377.5,323.6,253,179.5,111.3,63.1,60.2,69.4,87.7,198.9
82263,-2.25,-49.5,23.9,303.3,370.5,422.2,382.3,331.4,187.9,139.2,88.2,63.4,61.2,76.2,165.7
82861,-8.26666667,-49.26666667,156.85,243.6,244,271.8,194.8,94.7,9,5,8.7,60.7,146.5,216.6,265.3
82445,-4.28333333,-55.98333333,45,232.6,293.3,326.6,257.7,194.1,100.9,72.5,53,76.7,99,140.9,180.9
82562,-5.36666666,-49.13333333,95,256.3,299.5,377.2,258.5,119.9,28.5,15.9,11.4,47.2,94.3,151.1,239.4
82181,-2,-54.1,145.85,144.9,217.5,293,320,284,153.1,95.6,46.4,25.6,28.5,41.5,104.2
82178,-1.91666666,-55.51666666,37,261.7,270.6,322.2,278.7,222.6,103.7,75.7,34.1,41.8,54.5,95.1,151.2
82184,-1.73333333,-52.23333333,15.93,224.7,284.5,327.2,384.1,313.1,243.9,154.4,81.1,62.6,54.7,67.2,114.3
82668,-6.63333333,-51.96666666,206,280.8,295.1,322.6,242.9,109.6,38.1,10.6,48.9,135.3,172.2,169.3,215.8
82141,-0.73333333,-48.51666666,10.49,456.8,537.6,647.2,561.5,319.3,185.8,138.6,79.3,15.9,14.6,28.5,150.5
82145,-1.06666666,-46.9,36,281.5,384.9,480.5,423.3,352.7,209.5,185.9,87.5,16.5,10.7,10.2,67
82361,-3.76666666,-49.66666666,40,311.5,413.8,436.7,407.9,249.1,86.9,47.3,31.5,34.8,68.5,113.3,230.9
82696,-6.96666666,-35.68333333,574.62,83,107.4,156.3,151.7,169.2,210.7,182.2,151.2,60.9,21.8,27.5,37.8
82795,-7.21666666,-35.88333333,547.56,45.6,62.8,107.1,89.3,101.7,123.6,96.7,80.1,30,12.5,12.3,15.3
82798,-7.1,-34.86666666,7.43,73.9,105.4,193.9,280.4,284,355.2,302.4,156.4,68.6,33.1,27,33.7
82792,-7.88333333,-37.06666666,603.66,58.7,83.5,113.3,96,113.8,48.2,36,18.8,7.8,21.6,15.6,38.2
82791,-7.01666666,-37.26666666,249.09,115.7,127.5,209.5,127.4,81.6,28.7,9.8,7.8,1.3,7.2,7.1,40.8
82689,-6.75,-38.21666666,233.06,163.2,163.5,252.9,181.4,124.4,37.8,21,10.7,2,9.9,12.2,71.2
82890,-8.43333333,-37.05,680.7,67.9,62.9,111.6,90.6,78.2,90.2,79.7,60.6,19.3,13.6,16,30.6
82886,-8.50333333,-39.31416666,337,97,80.2,146.4,94.1,34.8,NA,11.6,4.9,2.7,12.3,33.6,46.9
82893,-8.88333333,-36.51666666,822.76,40.1,46.1,92.2,101.4,113.2,161.7,141.1,102.2,50,20.1,17.1,33.1
82753,-7.9,-40.05,459.28,105.3,104.7,156.5,105.3,37.7,8.2,11.3,4.1,3.2,13.3,29.5,86.7
82892,-8.4,-36.76666666,639,21.7,75.8,98.1,100.2,83.8,59.7,53.8,27.3,10.8,14.3,19.3,26.2
82983,-9.38333333,-40.48333333,370.46,91,90.7,114.1,44,12.6,5.5,4,1.4,2.7,10.6,52,54
82900,-8.05,-34.95,10,106.1,132.4,210.6,290.5,311.8,391.1,353.7,217.8,100.2,55.2,38.7,55.3
82797,-7.83333333,-35.71666666,418.32,33.8,45.9,73.2,73.2,75.6,106.5,82.9,51.6,23.2,8.4,10.2,24.5
82789,-7.81666666,-38.11666666,1105,135.8,164.4,193.8,193.3,130.1,127.2,107.8,65.6,20.9,25.3,25.3,54.9
82975,-9.14249999,-44.31666666,415,159.3,149.8,172.9,112.3,29.2,1.6,0,1.5,19.2,71.1,114.5,155.3
82474,-4.28333333,-41.8,160,199.4,241.8,315.4,307.4,146.4,39.7,16.9,10.2,6.2,23.4,22.5,73.6
82976,-9.28333333,-43.33333333,522.77,131.5,121.3,126.5,79.1,18,1.1,0.6,0,5,36.5,86.9,107.1
82298,-3.9,-42.25,65,169.2,222.7,310.6,312,192.4,68.6,27.2,13.2,10,15.9,31.7,78.8
82678,-6.76666666,-43.01666666,123.27,173.9,150.4,180,135.1,62,7,0.7,0.9,8,48.4,73,120.2
82296,-3.41666666,-42.28333333,49,186.6,200.9,289.3,297.4,172.9,86.8,39.3,11.5,8.4,12.8,14.7,66.4
82684,-7.85,-41.9,242,155.6,133.1,171.9,85.2,35.2,4.6,0.4,0,3.2,21.9,71.7,92.5
82287,-3.08333333,-41.76666666,79.5,121.8,180.7,259.2,269.2,173.7,50.1,40.9,4.3,1.1,0.9,3.7,27.5
82882,-8.13333333,-41.13333333,374.22,129.3,113.2,165.1,49.7,22.4,3.8,1.3,0.3,3.5,21.8,55.8,69
82780,-7.03333333,-41.48333333,207.93,146.1,144.3,176.2,137.8,38.1,6.3,2.2,0.2,3.4,19.2,33.8,87.8
82480,-4.26666666,-41.78333333,161.12,203.8,237.6,329,311.1,160.3,42.6,12.6,9.8,5.6,21.6,24.9,64.5
82879,-8.35,-42.25,235.33,145.3,111.1,143.4,82.7,27.4,5.5,0.8,0.1,3.2,24.6,74.2,91.4
82578,-5.08333333,-42.81666666,74.36,196.8,239.1,286.9,265.7,120.6,14.7,10.6,12.1,13,19.5,45.9,100.1
82870,-8.41666666,-43.71666666,265,150.5,147.4,158.4,115.1,42.8,6.2,0.1,2.6,9.2,69.8,94.9,128.9
83783,-24.05,-52.36666666,616.4,213.2,159.6,133.7,123.4,142.3,97,75.8,69.4,142.7,165.8,143.2,171
83813,-24.78333333,-50,1008.8,196.8,150.3,136.1,90.7,125.3,86.2,92.1,68.1,132.2,148.8,123.2,135.6
83842,-25.43333333,-49.26666666,923.5,218.3,166.2,147,95.7,113.5,94.1,108.3,74,141.4,138.7,124.4,154.2
83775,-24.08333333,-54.25,230.11,168.9,134.9,135.2,167.7,202.4,106.2,81.9,76.3,124.8,165.4,135.1,166
83836,-25.46666666,-50.63333333,836.95,196.6,132.5,121.1,118.9,127.2,119.5,116.9,75.3,155.1,172,137.7,141.4
83811,-25,-50.85,808,202,128.7,133.1,114.1,154.8,96.5,118.3,85.8,152.1,176.3,126.6,151.3
83769,-23.15,-49.96666666,470.69,217.5,183.9,136.6,108.1,116.1,70.4,38.8,39.7,99.2,113.4,152,186.7
83766,-23.31666666,-51.13333333,566,243.2,179.8,134.9,94.3,109.7,86.4,66.1,54.3,102.6,139.7,150.9,221.1
83767,-23.4,-51.91666666,542,218.6,197.6,139.5,120.2,128.5,90.4,61.7,56.5,139.8,153.5,156.3,180.3
83844,-25.53333333,-48.51666666,4.5,363.3,304.6,270.7,164.9,121.2,99.8,112.2,82.5,162.8,171,196.7,234.6
83007,-22.96583333,-43.27944443,347,209.1,174.8,215.7,203.3,188.5,132.7,182.3,141.9,223,203.7,217,273.8
83788,-23.01583333,-44.32944443,3,235.6,188.5,206,166.9,114,71.5,90.1,54,120.9,141.6,148.9,258
83049,-22.35,-43.41666666,507,238.9,134,136.2,55.9,41.3,14.3,17.4,16.1,52.8,92.5,176.9,216.2
83790,-22.86666666,-43.45,40.3,204.9,148.7,155.7,108.7,74.8,56.4,43.5,38.8,81.2,80.9,105,152.4
83698,-21.7425,-41.33277778,11.2,133.7,61.2,102.8,84.7,43.9,27.9,29.5,23.4,70.6,98.1,162.9,168.8
83807,-21.93583333,-42.60611111,342.19,237.3,134.7,147.9,74.6,45.1,18,18.3,18.7,63.4,105.1,179.7,286.8
83718,-22.02222221,-42.36444444,505.92,254.5,135.4,157.9,65.5,33.7,22.5,21.5,17.1,64.6,106,219.3,266.9
83741,-22.8,-43.68333333,33,197.8,146.6,157.2,76.3,63.8,38.6,37.7,28.9,87,97.8,149.4,178.6
83114,-22.83333333,-42.18333333,5.57,112.2,57.8,102.9,70,69.7,38,63.7,32.5,62,63.4,99.9,117.3
83695,-21.2,-41.9,123.59,201.3,110.8,127.4,77.9,35.6,21,15.1,21.1,63.6,98.3,190.3,251
83089,-22.92055554,-42.82999999,4.67,147.4,103.4,134.2,80.5,105.7,78.9,83.8,66.7,88.5,105.9,136.3,146.2
83801,-22.87083332,-43.44138888,42,169.4,113.4,137.8,92.4,52.8,32.8,43.7,26.6,48.1,82.2,111.7,163.9
83738,-22.45111111,-44.44444444,439.89,292.9,216.9,232.5,85.9,47.6,22.9,28.7,20.9,70.7,125.4,213,260.8
83048,-22.7125,-42.64666666,62,205.6,164,194.4,123,82.7,40.9,68.4,55.1,89.2,113.6,225.4,210.3
83789,-22.92222221,-43.68694444,63,143.8,100.1,110.6,101.3,67.7,48,52.2,36.7,71.4,76.7,92.8,138.9
83696,-21.96,-42.01111111,620,245.6,134.7,165.9,87.6,60,43.4,45.9,42.6,93.1,113.6,195,262.9
83052,-22.35,-43.7,364,247.9,154.2,138.1,59.2,49.1,20.9,21.7,17.1,61.2,97.9,156.3,207.8
83805,-21.53722222,-42.16083333,95,222.8,113.2,118.4,65.9,26.6,18.2,18.2,25,65.8,109.4,187.7,267.6
82590,-5.61666666,-37.81666666,150,99.3,117,172.3,212.7,102.6,49.4,31.2,22.2,2.1,0.9,3.2,16.7
82596,-5.65,-35.65,61.35,89.2,88.9,185.5,200.5,182.2,229.3,169.6,83.9,32.5,13.7,19.5,19.8
82693,-6.43333333,-36.58333333,226.46,83.2,98.7,149.6,154.8,71.6,38.1,16.6,11.6,3.9,4.2,5.4,29.6
82691,-6.11666666,-36.81666666,324.45,82.6,102.6,171.5,169.8,81.7,38.7,21.8,9.3,1.7,5,4.6,24.1
82594,-5.11666666,-36.76666666,32,44.6,58.6,126.5,135.9,73.2,34.6,22.9,10.4,2.2,0.9,2.2,6.4
82591,-5.2,-37.3,38,95.5,98.5,221.3,202.4,101.1,52.7,36.5,7.2,1.8,2.4,1.7,14.3
82598,-5.91666666,-35.2,48.6,61.1,94.4,203.3,272.2,236.2,353.6,242.2,134.7,47.7,22.1,28.4,25.5
82690,-6.46666666,-37.08333333,169.85,96.9,91.3,144.6,147.5,73.3,23.6,11.6,8.1,0.7,9.2,2.7,20
82024,2.81666666,-60.65,90,37,30,35.7,142.2,321,353.2,286.4,205.2,103.9,73.1,60.1,63.8
82042,1.83333333,-61.13333333,94.05,64.9,50.9,93.4,196.1,321.1,336.1,296.1,216.7,150.7,100.8,89.6,84.7
83980,-31.33333333,-54.1,242.31,125,130.7,102.6,161.3,150.8,131.7,132.3,106.3,111.1,129.7,118.9,113.2
83941,-29.15,-51.51666666,640,162.1,151.7,117.8,124.3,130.3,144.4,188.5,148.9,161.3,185.6,138.4,128.6
83919,-28.66666666,-50.43333333,1047.5,168.7,167.1,107.7,112.2,111.9,123.8,171.9,132.1,156.7,165.1,139.9,147.8
83946,-29.05,-50.13333333,905,166.2,192.4,168.2,113.8,141.2,108.7,153.7,147.4,192.4,159.4,155.2,124.8
83961,-29.68333333,-51.05,25.8,139.5,130.7,113.7,121.5,110.7,132.6,149.4,131.9,168,154.2,115.5,114.5
83942,-29.19638888,-51.18638888,751,158.5,154.9,111.3,120.4,140.9,156,189.4,145.1,163.1,178.7,143.9,140.5
83912,-28.63333333,-53.6,472.5,146.8,143,119.7,158.9,156.8,152.4,164.6,130.6,160.4,248.1,163.7,153.4
83964,-30.53333333,-52.51666666,427.75,145,131.7,98.1,134.2,143.8,152.6,172.8,121.8,158.8,156.5,127,126.3
83932,-28.65,-53.11666666,394.7,152.8,162.4,112.1,155.8,116.7,127.6,166.1,144.6,166.7,219.3,153.6,132.4
83881,-27.18333333,-53.23333333,247.1,162.2,187.3,120.1,157.6,163.2,159.1,144.5,129.6,175.5,240.7,152,160.2
83916,-28.21666666,-51.5,840,133.7,130.9,118.1,119.2,133.7,133.1,130.8,128.5,191.4,198.2,156.5,114
83914,-28.21666666,-52.4,684.05,159.7,140.9,121.5,138.9,159.4,148,180.9,137.9,174.3,225,158.8,162.2
83985,-31.78333333,-52.41666666,13,109.8,187.8,107.6,106.6,129.1,114.8,99.6,126.5,122.9,87.1,102.3,108.6
83967,-30.01666666,-51.21666666,46.97,110.1,106.5,92.2,107.3,118.8,141.3,141.3,117.4,141.5,138.3,110.9,99.6
83995,-32.0786111,-52.16749999,2.46,98.9,128.6,90.9,118.4,114.6,114,125.7,122.1,113.6,98.1,95.5,86.2
83936,-29.7,-53.7,95,166.3,139.6,127.7,170.1,154.4,149.1,159,111.2,158.5,173.3,132.7,154.3
83997,-33.51666666,-53.35,24.01,83.2,153.6,121.1,120.9,124.8,114.6,114.7,103.4,88.5,78.7,79.2,85.2
83953,-30.83333333,-55.6,328,94.2,170.9,122.5,138.8,144.3,115.1,108.4,98.9,144.4,129.6,123.9,127.3
83907,-28.4,-55.01666666,245.11,143.5,164.6,139.8,201.5,165.8,139.6,130.8,102.1,152.5,249.9,161.6,161.2
83972,-29.45,-51.8,63.22,143.9,133.2,126.8,102.9,135.5,109.7,152.9,138.2,182.5,197,145.8,125.2
83948,-29.35027777,-49.73305554,4.66,156.3,164,142.9,102.9,116.5,102.8,111.9,134.8,132.4,127.9,119.4,95.3
83954,-29.86666666,-51.38333333,42.5,114.1,112.7,103.1,104.6,109.1,145.5,147.7,125.8,154.9,152.2,120.3,117.3
83927,-29.75,-57.08333333,62.31,116.5,156.7,158,150.8,123.9,88.9,63.6,47.8,85.5,164.7,124.3,126.8
83887,-27.38416666,-51.20083333,946.67,208.6,175.4,137.4,167,172.5,139.4,201,133.9,195.7,242.9,155.4,164.4
83883,-27.08527777,-52.63555555,687,177.6,210.1,131.9,172.1,174.1,159.1,191.4,141.9,194.2,246.9,157.2,168.1
83897,-27.6025,-48.62027777,1.84,250.6,201.6,179.7,123.5,132.5,75.7,118,74,141,148.9,150.6,172.5
83872,-26.9,-49.21666666,86.13,243.3,179.2,126.6,109.1,105.8,106.3,125.4,90.6,161.3,167.4,156.4,165.6
83891,-27.80222222,-50.33555555,936.83,163,158,120,111.8,126,111.4,181.5,117.5,157.3,191.4,136,133.7
83920,-28.27583332,-49.93499999,1415,185.7,182.6,126.1,106.7,144,127.2,199.8,143.2,186.1,182.5,166.5,137.1
83923,-28.51666666,-49.31666666,48.17,191.8,179.3,188.9,108.8,157.6,66.7,120.6,110,122.4,129.5,150.5,157.7
83096,-10.95,-37.05,4.72,51.9,71.7,87.6,174.2,241.8,207.2,157.6,107.5,64.9,60.7,47.1,28
83195,-11.27249999,-37.79472221,208,62.7,63.7,87.5,111.4,156.4,173.6,137.3,102.8,75.5,52.8,46.3,35.5
83097,-10.21361111,-36.84194444,19.92,52.1,30,60,110.8,165.5,170.2,142.8,91.9,55.8,36.1,24.5,23.3
83621,-20.91666666,-51.38333333,379,233.6,183.9,147.7,93.9,69.6,27.5,18,42.2,72.1,116.6,125.2,197.1
83773,-23.08333333,-48.91138888,854,287.5,182.6,159.5,105.6,94.4,62.5,56.9,48.4,96.5,143.1,131.3,210.5
83714,-22.75,-45.6,1642,253.1,206,196.7,85.5,82.5,38,45.9,38.3,85.8,133,160.6,240
83676,-21.11666666,-48.93333333,570,274.6,209.9,158.7,61.7,66.2,25.4,24.1,25.4,53,96.8,111.8,208.4
83630,-20.58333333,-47.36666666,1026.2,323.2,243.8,207.5,77.7,57.5,17.9,18.4,21.6,67.2,161.4,189,287.4
83075,-23.43333333,-46.46666666,735,269.1,224.9,203.9,86.6,79,41.7,48.5,32.1,88.9,122.5,134.8,226.8
83821,-24.71666666,-47.55,2.66,254.2,196.3,254.2,168.5,144.7,108.3,114.5,79.7,143.3,139.2,146.4,204.2
83774,-23.95,-48.88333333,707,147,131.5,121.7,84.5,128.8,75.1,NA,40.9,94.1,116,109.6,NA
83678,-21.25,-48.3,595,262.1,210.1,176.3,79.8,57.8,28.8,16.8,29.2,58.1,133.8,160.7,230.8
83716,-22.11666666,-51.38333333,435.55,232.5,172.2,138.3,73,82.6,48.3,39.7,42.7,84.2,121,129.6,175.6
83782,-23.93333333,-46.33333333,13.51,206.7,203.2,257.3,180.3,123.2,123.1,102.4,73.6,145.1,137.5,110.4,181.1
83726,-21.96666666,-47.86666666,856,303.8,221.1,186.7,85.4,66.8,32.1,30.6,34.4,67.1,120.6,155.1,254.6
83781,-23.4961111,-46.61972221,792.06,288.2,246.2,214.5,82.1,78.1,50.3,47.8,36,84.8,126.6,137,224.4
83669,-21.48333333,-47.55,617.39,271.6,204.3,156.7,66.3,63.3,24.1,20,25.6,68.6,129.1,165.2,255.7
83851,-23.48333333,-47.43333333,645,284.2,155.5,142.9,64.7,82.5,54.5,55.7,31.9,67.9,100.6,131.5,183.7
83784,-23.03333333,-45.55,577,238.1,197.3,163.6,78.6,55.8,26.7,37.9,26.4,79.6,118.2,160.7,178
83786,-23.45,-45.06666666,8,312.9,290.5,311.1,232.5,122.9,94.2,92.6,74.4,196.9,245.5,263.6,280.4
83623,-20.41666666,-49.98333333,502.5,291.3,200.8,152.1,84.1,56.4,21.8,16.4,18.1,60.2,103.8,138.8,200.8
82659,-7.2,-48.2,228.52,250.1,268.6,294.6,237.8,98.2,20,8.2,14.3,62.5,139.7,192.1,232.9
83033,-10.19083333,-48.30166666,280,285.4,274.3,292.8,175.4,69.7,6.9,1.2,1.9,55.7,161.1,243.6,263.6
82863,-8.96666667,-48.18333333,187,277.5,219.7,275.8,172.6,53.6,4.3,3.6,8.8,44.8,147.8,216.4,247.8
83228,-12.01666667,-48.35,242.49,286.3,203.1,249.7,132,22.2,4.7,0.8,1.7,33.2,108.4,191,275.3
83064,-10.71666667,-48.41666667,239.2,255.7,237.9,269.3,166.3,47.7,3.1,1,5.2,50.3,141.6,186.9,257.7
83235,-12.4,-46.41666666,603.59,286.6,208.5,277.7,138.3,34.5,2.9,1,2.1,21.1,123.8,223.8,291.2
